date,maximum,site,cluster,year,month,day
2010-06-01,82,UH WG Jones Forest C698,11,2010,6,1
2010-06-02,52,Crosby Library C553,3,2010,6,2
2010-06-03,49,Crosby Library C553,3,2010,6,3
2010-06-04,59,Seabrook Friendship Park C45,3,2010,6,4
2010-06-05,63,UH WG Jones Forest C698,7,2010,6,5
2010-06-06,60,UH WG Jones Forest C698,15,2010,6,6
2010-06-07,36,Northwest Harris Co. C26/A110/X154,13,2010,6,7
2010-06-08,39,Hou.DeerPrk2 C35/235/1001/AFH139FP239,0,2010,6,8
2010-06-09,32,UH WG Jones Forest C698,0,2010,6,9
2010-06-10,36,UH WG Jones Forest C698,0,2010,6,10
2010-06-11,33,UH WG Jones Forest C698,2,2010,6,11
2010-06-12,33,UH WG Jones Forest C698,0,2010,6,12
2010-06-13,31,UH WG Jones Forest C698,0,2010,6,13
2010-06-14,43,UH WG Jones Forest C698,0,2010,6,14
2010-06-15,45,Mercer Arboretum C557,2,2010,6,15
2010-06-16,52,Mercer Arboretum C557,0,2010,6,16
2010-06-17,41,UH WG Jones Forest C698,0,2010,6,17
2010-06-18,47,UH WG Jones Forest C698,0,2010,6,18
2010-06-19,58,UH WG Jones Forest C698,8,2010,6,19
2010-06-20,58,UH WG Jones Forest C698,12,2010,6,20
2010-06-21,80,UH WG Jones Forest C698,8,2010,6,21
2010-06-22,80,UH WG Jones Forest C698,8,2010,6,22
2010-06-23,60,UH WG Jones Forest C698,12,2010,6,23
2010-06-24,69,Atascocita C560,12,2010,6,24
2010-06-25,62,UH WG Jones Forest C698,12,2010,6,25
2010-06-26,54,UH WG Jones Forest C698,8,2010,6,26
2010-06-27,60,UH WG Jones Forest C698,6,2010,6,27
2010-06-28,41,UH Moody Tower C695,7,2010,6,28
2010-06-29,44,U of H-Sugarland C696,7,2010,6,29
2010-06-30,30,Monitoring_Site,6,2010,6,30
2010-07-01,22,UH WG Jones Forest C698,6,2010,7,1
2010-07-02,20,Mustang Bayou C619,5,2010,7,2
2010-07-03,28,Seabrook Friendship Park C45,1,2010,7,3
2010-07-04,48,UH WG Jones Forest C698,2,2010,7,4
2010-07-05,51,UH Moody Tower C695,2,2010,7,5
2010-07-06,60,U of H-Sugarland C696,3,2010,7,6
2010-07-07,25,Mustang Bayou C619,3,2010,7,7
2010-07-08,23,Mustang Bayou C619,1,2010,7,8
2010-07-09,66,Northwest Harris Co. C26/A110/X154,5,2010,7,9
2010-07-10,73,Crosby Library C553,9,2010,7,10
2010-07-11,36,Crosby Library C553,4,2010,7,11
2010-07-12,27,Mercer Arboretum C557,6,2010,7,12
2010-07-13,29,UH WG Jones Forest C698,2,2010,7,13
2010-07-14,44,UH WG Jones Forest C698,0,2010,7,14
2010-07-15,53,Wallisville Road C617,12,2010,7,15
2010-07-16,92,Houston Aldine C8/AF108/X150,12,2010,7,16
2010-07-17,73,Atascocita C560,12,2010,7,17
2010-07-18,43,Sheldon C551,12,2010,7,18
2010-07-19,28,UH WG Jones Forest C698,12,2010,7,19
2010-07-20,35,Northwest Harris Co. C26/A110/X154,4,2010,7,20
2010-07-21,36,West Houston C554,8,2010,7,21
2010-07-22,30,Northwest Harris Co. C26/A110/X154,4,2010,7,22
2010-07-23,47,UH WG Jones Forest C698,4,2010,7,23
2010-07-24,84,UH Moody Tower C695,4,2010,7,24
2010-07-25,66,Manvel Croix Park C84,8,2010,7,25
2010-07-26,55,Northwest Harris Co. C26/A110/X154,4,2010,7,26
2010-07-27,32,Atascocita C560,1,2010,7,27
2010-07-28,32,UH WG Jones Forest C698,4,2010,7,28
2010-07-29,46,UH WG Jones Forest C698,12,2010,7,29
2010-07-30,53,UH West Liberty C699,12,2010,7,30
2010-07-31,62,Baytown Wetlands Center C552,13,2010,7,31
2010-08-01,78,Baytown Wetlands Center C552,15,2010,8,1
2010-08-02,92,UH WG Jones Forest C698,9,2010,8,2
2010-08-03,83,Houston Aldine C8/AF108/X150,12,2010,8,3
2010-08-04,77,Crosby Library C553,12,2010,8,4
2010-08-05,62,UH West Liberty C699,12,2010,8,5
2010-08-06,53,UH WG Jones Forest C698,15,2010,8,6
2010-08-07,48,UH West Liberty C699,14,2010,8,7
2010-08-08,44,UH West Liberty C699,10,2010,8,8
2010-08-09,66,UH WG Jones Forest C698,1,2010,8,9
2010-08-10,92,UH Moody Tower C695,4,2010,8,10
2010-08-11,102,UH Moody Tower C695,9,2010,8,11
2010-08-12,79,UH WG Jones Forest C698,14,2010,8,12
2010-08-13,53,Wallisville Road C617,6,2010,8,13
2010-08-14,37,UH WG Jones Forest C698,2,2010,8,14
2010-08-15,48,Wallisville Road C617,4,2010,8,15
2010-08-16,50,Seabrook Friendship Park C45,8,2010,8,16
2010-08-17,84,UH Moody Tower C695,13,2010,8,17
2010-08-18,60,UH West Liberty C699,14,2010,8,18
2010-08-19,35,UH West Liberty C699,13,2010,8,19
2010-08-20,36,UH WG Jones Forest C698,1,2010,8,20
2010-08-21,47,Crosby Library C553,2,2010,8,21
2010-08-22,50,Wallisville Road C617,8,2010,8,22
2010-08-23,69,Wallisville Road C617,12,2010,8,23
2010-08-24,75,Manvel Croix Park C84,14,2010,8,24
2010-08-25,81,Manvel Croix Park C84,14,2010,8,25
2010-08-26,76,Danciger C618,13,2010,8,26
2010-08-27,88,Manvel Croix Park C84,13,2010,8,27
2010-08-28,68,Danciger C618,6,2010,8,28
2010-08-29,54,Northwest Harris Co. C26/A110/X154,2,2010,8,29
2010-08-30,30,Monitoring_Site,1,2010,8,30
2010-08-31,31,Monitoring_Site,0,2010,8,31
2010-09-01,53,Northwest Harris Co. C26/A110/X154,9,2010,9,1
2010-09-02,59,UH WG Jones Forest C698,6,2010,9,2
2010-09-03,52,Mustang Bayou C619,11,2010,9,3
2010-09-04,69,Clear Creek High School C571,15,2010,9,4
2010-09-05,76,West Houston C554,11,2010,9,5
2010-09-06,26,La Porte Sylvan Beach C556,3,2010,9,6
2010-09-07,21,Mustang Bayou C619,2,2010,9,7
2010-09-08,27,UH WG Jones Forest C698,1,2010,9,8
2010-09-09,36,UH West Liberty C699,2,2010,9,9
2010-09-10,36,UH West Liberty C699,3,2010,9,10
2010-09-11,41,UH West Liberty C699,6,2010,9,11
2010-09-12,57,UH Moody Tower C695,15,2010,9,12
2010-09-13,80,UH Moody Tower C695,12,2010,9,13
2010-09-14,96,UH WG Jones Forest C698,13,2010,9,14
2010-09-15,94,Northwest Harris Co. C26/A110/X154,14,2010,9,15
2010-09-16,67,West Houston C554,10,2010,9,16
2010-09-17,54,UH West Liberty C699,10,2010,9,17
2010-09-18,46,UH West Liberty C699,5,2010,9,18
2010-09-19,46,UH West Liberty C699,5,2010,9,19
2010-09-20,43,UH WG Jones Forest C698,5,2010,9,20
2010-09-21,46,Northwest Harris Co. C26/A110/X154,3,2010,9,21
2010-09-22,46,UH WG Jones Forest C698,3,2010,9,22
2010-09-23,49,UH WG Jones Forest C698,3,2010,9,23
2010-09-24,43,Northwest Harris Co. C26/A110/X154,2,2010,9,24
2010-09-25,65,U of H-Sugarland C696,9,2010,9,25
2010-09-26,56,Mustang Bayou C619,11,2010,9,26
2010-09-27,60,Mustang Bayou C619,7,2010,9,27
2010-09-28,85,Clear Creek High School C571,7,2010,9,28
2010-09-29,88,Mustang Bayou C619,7,2010,9,29
2010-09-30,88,Manvel Croix Park C84,7,2010,9,30
2011-06-01,78,Northwest Harris Co. C26/A110/X154,12,2011,6,1
2011-06-02,97,UH WG Jones Forest C698,12,2011,6,2
2011-06-03,79,Northwest Harris Co. C26/A110/X154,0,2011,6,3
2011-06-04,74,West Houston C554,0,2011,6,4
2011-06-05,78,Manvel Croix Park C84,12,2011,6,5
2011-06-06,112,Galveston 99th St. C1034/A320/X183,12,2011,6,6
2011-06-07,96,UH WG Jones Forest C698,10,2011,6,7
2011-06-08,64,Conroe Relocated C78/A321,2,2011,6,8
2011-06-09,67,UH WG Jones Forest C698,2,2011,6,9
2011-06-10,58,Conroe Relocated C78/A321,6,2011,6,10
2011-06-11,74,Mercer Arboretum C557,6,2011,6,11
2011-06-12,69,Northwest Harris Co. C26/A110/X154,2,2011,6,12
2011-06-13,63,Conroe Relocated C78/A321,10,2011,6,13
2011-06-14,43,UH WG Jones Forest C698,0,2011,6,14
2011-06-15,44,UH WG Jones Forest C698,15,2011,6,15
2011-06-16,32,UH WG Jones Forest C698,11,2011,6,16
2011-06-17,31,UH WG Jones Forest C698,3,2011,6,17
2011-06-18,32,UH West Liberty C699,1,2011,6,18
2011-06-19,29,Huffman Wolf Road C563,0,2011,6,19
2011-06-20,33,Conroe Relocated C78/A321,3,2011,6,20
2011-06-21,31,Tom Bass C558,3,2011,6,21
2011-06-22,44,Manvel Croix Park C84,3,2011,6,22
2011-06-23,55,Conroe Relocated C78/A321,11,2011,6,23
2011-06-24,45,UH WG Jones Forest C698,11,2011,6,24
2011-06-25,41,Conroe Relocated C78/A321,7,2011,6,25
2011-06-26,39,Huffman Wolf Road C563,6,2011,6,26
2011-06-27,51,UH WG Jones Forest C698,6,2011,6,27
2011-06-28,59,Northwest Harris Co. C26/A110/X154,9,2011,6,28
2011-06-29,68,Northwest Harris Co. C26/A110/X154,9,2011,6,29
2011-06-30,74,Northwest Harris Co. C26/A110/X154,5,2011,6,30
2011-07-01,61,UH WG Jones Forest C698,5,2011,7,1
2011-07-02,60,Baytown Wetlands Center C552,5,2011,7,2
2011-07-03,57,Wallisville Road C617,9,2011,7,3
2011-07-04,62,UH West Liberty C699,5,2011,7,4
2011-07-05,86,Atascocita C560,10,2011,7,5
2011-07-06,63,Bunker Hill Village C562,9,2011,7,6
2011-07-07,62,UH West Liberty C699,14,2011,7,7
2011-07-08,57,UH West Liberty C699,11,2011,7,8
2011-07-09,50,UH WG Jones Forest C698,6,2011,7,9
2011-07-10,44,UH WG Jones Forest C698,1,2011,7,10
2011-07-11,65,UH WG Jones Forest C698,4,2011,7,11
2011-07-12,40,UH West Liberty C699,4,2011,7,12
2011-07-13,49,UH West Liberty C699,4,2011,7,13
2011-07-14,47,UH West Liberty C699,1,2011,7,14
2011-07-15,31,Huffman Wolf Road C563,6,2011,7,15
2011-07-16,40,Atascocita C560,6,2011,7,16
2011-07-17,55,UH WG Jones Forest C698,5,2011,7,17
2011-07-18,52,Wallisville Road C617,8,2011,7,18
2011-07-19,41,Wallisville Road C617,12,2011,7,19
2011-07-20,47,UH WG Jones Forest C698,9,2011,7,20
2011-07-21,52,UH WG Jones Forest C698,4,2011,7,21
2011-07-22,35,UH WG Jones Forest C698,0,2011,7,22
2011-07-23,41,UH WG Jones Forest C698,0,2011,7,23
2011-07-24,39,UH West Liberty C699,12,2011,7,24
2011-07-25,43,UH West Liberty C699,12,2011,7,25
2011-07-26,51,Atascocita C560,13,2011,7,26
2011-07-27,45,UH WG Jones Forest C698,6,2011,7,27
2011-07-28,46,UH WG Jones Forest C698,5,2011,7,28
2011-07-29,32,Northwest Harris Co. C26/A110/X154,4,2011,7,29
2011-07-30,52,UH WG Jones Forest C698,8,2011,7,30
2011-07-31,70,Houston East C1/G316,8,2011,7,31
2011-08-01,77,UH WG Jones Forest C698,12,2011,8,1
2011-08-02,73,UH WG Jones Forest C698,12,2011,8,2
2011-08-03,60,UH WG Jones Forest C698,13,2011,8,3
2011-08-04,56,UH WG Jones Forest C698,9,2011,8,4
2011-08-05,51,UH WG Jones Forest C698,8,2011,8,5
2011-08-06,52,UH WG Jones Forest C698,8,2011,8,6
2011-08-07,36,Mercer Arboretum C557,8,2011,8,7
2011-08-08,39,Mercer Arboretum C557,15,2011,8,8
2011-08-09,36,Mercer Arboretum C557,15,2011,8,9
2011-08-10,45,UH WG Jones Forest C698,11,2011,8,10
2011-08-11,48,UH WG Jones Forest C698,11,2011,8,11
2011-08-12,49,Conroe Relocated C78/A321,15,2011,8,12
2011-08-13,37,UH West Liberty C699,15,2011,8,13
2011-08-14,49,Wallisville Road C617,14,2011,8,14
2011-08-15,60,Conroe Relocated C78/A321,15,2011,8,15
2011-08-16,64,UH WG Jones Forest C698,15,2011,8,16
2011-08-17,73,UH WG Jones Forest C698,12,2011,8,17
2011-08-18,75,UH WG Jones Forest C698,12,2011,8,18
2011-08-19,89,Wallisville Road C617,13,2011,8,19
2011-08-20,71,Northwest Harris Co. C26/A110/X154,10,2011,8,20
2011-08-21,53,UH WG Jones Forest C698,9,2011,8,21
2011-08-22,81,UH WG Jones Forest C698,12,2011,8,22
2011-08-23,74,UH WG Jones Forest C698,13,2011,8,23
2011-08-24,77,Mercer Arboretum C557,14,2011,8,24
2011-08-25,73,UH WG Jones Forest C698,10,2011,8,25
2011-08-26,100,Houston Aldine C8/AF108/X150,14,2011,8,26
2011-08-27,88,Manvel Croix Park C84,13,2011,8,27
2011-08-28,101,Houston Croquet C409,14,2011,8,28
2011-08-29,102,Bunker Hill Village C562,11,2011,8,29
2011-08-30,100,Northwest Harris Co. C26/A110/X154,11,2011,8,30
2011-08-31,83,Northwest Harris Co. C26/A110/X154,6,2011,8,31
2011-09-01,58,Houston Croquet C409,5,2011,9,1
2011-09-02,48,Manvel Croix Park C84,5,2011,9,2
2011-09-03,47,Danciger C618,6,2011,9,3
2011-09-04,47,Northwest Harris Co. C26/A110/X154,7,2011,9,4
2011-09-05,63,Manvel Croix Park C84,7,2011,9,5
2011-09-06,89,Manvel Croix Park C84,7,2011,9,6
2011-09-07,80,Manvel Croix Park C84,11,2011,9,7
2011-09-08,108,Manvel Croix Park C84,14,2011,9,8
2011-09-09,91,Wallisville Road C617,11,2011,9,9
2011-09-10,84,Wallisville Road C617,7,2011,9,10
2011-09-11,83,Wallisville Road C617,15,2011,9,11
2011-09-12,82,Wallisville Road C617,12,2011,9,12
2011-09-13,70,UH WG Jones Forest C698,12,2011,9,13
2011-09-14,80,UH WG Jones Forest C698,13,2011,9,14
2011-09-15,85,Houston Aldine C8/AF108/X150,11,2011,9,15
2011-09-16,78,UH WG Jones Forest C698,1,2011,9,16
2011-09-17,56,Wallisville Road C617,0,2011,9,17
2011-09-18,41,Conroe Relocated C78/A321,0,2011,9,18
2011-09-19,77,UH West Liberty C699,15,2011,9,19
2011-09-20,82,UH Moody Tower C695,15,2011,9,20
2011-09-21,84,Manvel Croix Park C84,11,2011,9,21
2011-09-22,85,Manvel Croix Park C84,15,2011,9,22
2011-09-23,93,Mustang Bayou C619,15,2011,9,23
2011-09-24,92,Wallisville Road C617,15,2011,9,24
2011-09-25,55,UH West Liberty C699,11,2011,9,25
2011-09-26,52,UH WG Jones Forest C698,7,2011,9,26
2011-09-27,43,Mercer Arboretum C557,11,2011,9,27
2011-09-28,49,UH West Liberty C699,11,2011,9,28
2011-09-29,64,Crosby Library C553,11,2011,9,29
2011-09-30,78,Danciger C618,11,2011,9,30
2012-06-01,114,UH Moody Tower C695,7,2012,6,1
2012-06-02,62,Huffman Wolf Road C563,7,2012,6,2
2012-06-03,42,UH WG Jones Forest C698,7,2012,6,3
2012-06-04,54,UH WG Jones Forest C698,6,2012,6,4
2012-06-05,79,UH Moody Tower C695,7,2012,6,5
2012-06-06,75,Northwest Harris Co. C26/A110/X154,7,2012,6,6
2012-06-07,85,Houston Monroe C406,3,2012,6,7
2012-06-08,67,Texas City 34th St. C620,7,2012,6,8
2012-06-09,76,Houston Croquet C409,7,2012,6,9
2012-06-10,53,Huffman Wolf Road C563,3,2012,6,10
2012-06-11,40,Conroe Relocated C78/A321,2,2012,6,11
2012-06-12,38,Conroe Relocated C78/A321,12,2012,6,12
2012-06-13,50,Conroe Relocated C78/A321,13,2012,6,13
2012-06-14,47,UH WG Jones Forest C698,2,2012,6,14
2012-06-15,47,Conroe Relocated C78/A321,1,2012,6,15
2012-06-16,60,Mustang Bayou C619,1,2012,6,16
2012-06-17,74,UH Moody Tower C695,5,2012,6,17
2012-06-18,54,Northwest Harris Co. C26/A110/X154,7,2012,6,18
2012-06-19,36,Texas City 34th St. C620,3,2012,6,19
2012-06-20,46,UH Moody Tower C695,3,2012,6,20
2012-06-21,66,U of H-Sugarland C696,2,2012,6,21
2012-06-22,68,Manvel Croix Park C84,11,2012,6,22
2012-06-23,67,Manvel Croix Park C84,7,2012,6,23
2012-06-24,71,Manvel Croix Park C84,6,2012,6,24
2012-06-25,94,Manvel Croix Park C84,14,2012,6,25
2012-06-26,136,Manvel Croix Park C84,11,2012,6,26
2012-06-27,106,Mercer Arboretum C557,11,2012,6,27
2012-06-28,75,UH WG Jones Forest C698,8,2012,6,28
2012-06-29,64,UH WG Jones Forest C698,12,2012,6,29
2012-06-30,35,UH Moody Tower C695,9,2012,6,30
2012-07-01,30,UH WG Jones Forest C698,1,2012,7,1
2012-07-02,49,UH WG Jones Forest C698,1,2012,7,2
2012-07-03,45,UH WG Jones Forest C698,0,2012,7,3
2012-07-04,36,Huffman Wolf Road C563,1,2012,7,4
2012-07-05,49,Conroe Relocated C78/A321,0,2012,7,5
2012-07-06,58,Huffman Wolf Road C563,4,2012,7,6
2012-07-07,46,Houston Aldine C8/AF108/X150,8,2012,7,7
2012-07-08,32,Huffman Wolf Road C563,8,2012,7,8
2012-07-09,30,Huffman Wolf Road C563,13,2012,7,9
2012-07-10,34,Conroe Relocated C78/A321,14,2012,7,10
2012-07-11,28,Texas City 34th St. C620,10,2012,7,11
2012-07-12,30,Huffman Wolf Road C563,10,2012,7,12
2012-07-13,45,La Porte Sylvan Beach C556,9,2012,7,13
2012-07-14,49,Houston Aldine C8/AF108/X150,13,2012,7,14
2012-07-15,44,Huffman Wolf Road C563,13,2012,7,15
2012-07-16,48,UH WG Jones Forest C698,4,2012,7,16
2012-07-17,43,Conroe Relocated C78/A321,0,2012,7,17
2012-07-18,56,UH WG Jones Forest C698,5,2012,7,18
2012-07-19,41,Huffman Wolf Road C563,8,2012,7,19
2012-07-20,55,Baytown Wetlands Center C552,12,2012,7,20
2012-07-21,48,Wallisville Road C617,12,2012,7,21
2012-07-22,41,Huffman Wolf Road C563,12,2012,7,22
2012-07-23,44,UH WG Jones Forest C698,12,2012,7,23
2012-07-24,45,UH WG Jones Forest C698,12,2012,7,24
2012-07-25,36,Huffman Wolf Road C563,12,2012,7,25
2012-07-26,32,Huffman Wolf Road C563,0,2012,7,26
2012-07-27,42,Conroe Relocated C78/A321,15,2012,7,27
2012-07-28,59,Houston East C1/G316,12,2012,7,28
2012-07-29,58,Huffman Wolf Road C563,12,2012,7,29
2012-07-30,46,Wallisville Road C617,12,2012,7,30
2012-07-31,42,Mercer Arboretum C557,12,2012,7,31
2012-08-01,55,Huffman Wolf Road C563,12,2012,8,1
2012-08-02,48,Conroe Relocated C78/A321,12,2012,8,2
2012-08-03,48,Conroe Relocated C78/A321,14,2012,8,3
2012-08-04,47,UH WG Jones Forest C698,5,2012,8,4
2012-08-05,39,Texas City 34th St. C620,8,2012,8,5
2012-08-06,81,Clear Lake High School C572,12,2012,8,6
2012-08-07,89,HRM-3 Haden Road C603/A114,12,2012,8,7
2012-08-08,66,Mercer Arboretum C557,13,2012,8,8
2012-08-09,54,Huffman Wolf Road C563,13,2012,8,9
2012-08-10,52,Huffman Wolf Road C563,15,2012,8,10
2012-08-11,48,Houston East C1/G316,15,2012,8,11
2012-08-12,41,Huffman Wolf Road C563,15,2012,8,12
2012-08-13,46,Huffman Wolf Road C563,14,2012,8,13
2012-08-14,49,Huffman Wolf Road C563,13,2012,8,14
2012-08-15,35,Conroe Relocated C78/A321,15,2012,8,15
2012-08-16,43,Conroe Relocated C78/A321,1,2012,8,16
2012-08-17,46,Huffman Wolf Road C563,13,2012,8,17
2012-08-18,28,Huffman Wolf Road C563,15,2012,8,18
2012-08-19,57,Clear Brook High School C570,7,2012,8,19
2012-08-20,97,Clear Lake High School C572,11,2012,8,20
2012-08-21,80,Manvel Croix Park C84,11,2012,8,21
2012-08-22,68,Houston Bayland Park C53/A146,15,2012,8,22
2012-08-23,50,Katy Park C559,14,2012,8,23
2012-08-24,38,UH WG Jones Forest C698,0,2012,8,24
2012-08-25,29,Conroe Relocated C78/A321,2,2012,8,25
2012-08-26,50,UH WG Jones Forest C698,2,2012,8,26
2012-08-27,74,Manvel Croix Park C84,10,2012,8,27
2012-08-28,71,Lake Jackson C1016,14,2012,8,28
2012-08-29,56,Manvel Croix Park C84,11,2012,8,29
2012-08-30,62,Seabrook Friendship Park C45,7,2012,8,30
2012-08-31,47,Conroe Relocated C78/A321,6,2012,8,31
2012-09-01,27,Conroe Relocated C78/A321,8,2012,9,1
2012-09-02,36,Huffman Wolf Road C563,12,2012,9,2
2012-09-03,40,Huffman Wolf Road C563,12,2012,9,3
2012-09-04,49,Huffman Wolf Road C563,12,2012,9,4
2012-09-05,45,Huffman Wolf Road C563,14,2012,9,5
2012-09-06,55,Wallisville Road C617,15,2012,9,6
2012-09-07,59,Conroe Relocated C78/A321,14,2012,9,7
2012-09-08,56,Danciger C618,11,2012,9,8
2012-09-09,67,Danciger C618,15,2012,9,9
2012-09-10,77,Houston Croquet C409,14,2012,9,10
2012-09-11,80,Northwest Harris Co. C26/A110/X154,13,2012,9,11
2012-09-12,48,Conroe Relocated C78/A321,0,2012,9,12
2012-09-13,28,Conroe Relocated C78/A321,0,2012,9,13
2012-09-14,40,Seabrook Friendship Park C45,13,2012,9,14
2012-09-15,61,Manvel Croix Park C84,13,2012,9,15
2012-09-16,65,Houston East C1/G316,14,2012,9,16
2012-09-17,57,Galveston 99th St. C1034/A320/X183,11,2012,9,17
2012-09-18,59,Manvel Croix Park C84,7,2012,9,18
2012-09-19,71,Manvel Croix Park C84,11,2012,9,19
2012-09-20,87,Manvel Croix Park C84,15,2012,9,20
2012-09-21,81,Northwest Harris Co. C26/A110/X154,11,2012,9,21
2012-09-22,82,UH Moody Tower C695,11,2012,9,22
2012-09-23,81,West Houston C554,13,2012,9,23
2012-09-24,84,Conroe Relocated C78/A321,12,2012,9,24
2012-09-25,64,Conroe Relocated C78/A321,0,2012,9,25
2012-09-26,68,Conroe Relocated C78/A321,2,2012,9,26
2012-09-27,68,Northwest Harris Co. C26/A110/X154,1,2012,9,27
2012-09-28,36,UH Moody Tower C695,1,2012,9,28
2012-09-29,29,Monitoring_Site,2,2012,9,29
2012-09-30,43,Manvel Croix Park C84,7,2012,9,30
2013-06-01,33,Conroe Relocated C78/A321,3,2013,6,1
2013-06-02,45,Texas City 34th St. C620,7,2013,6,2
2013-06-03,86,Manvel Croix Park C84,7,2013,6,3
2013-06-04,86,Meyer Park C561,7,2013,6,4
2013-06-05,60,West Houston C554,7,2013,6,5
2013-06-06,57,Huffman Wolf Road C563,7,2013,6,6
2013-06-07,69,Manvel Croix Park C84,7,2013,6,7
2013-06-08,69,Conroe Relocated C78/A321,7,2013,6,8
2013-06-09,30,Park Place C416,3,2013,6,9
2013-06-10,71,UH WG Jones Forest C698,11,2013,6,10
2013-06-11,31,Huffman Wolf Road C563,15,2013,6,11
2013-06-12,43,Conroe Relocated C78/A321,4,2013,6,12
2013-06-13,57,Huffman Wolf Road C563,12,2013,6,13
2013-06-14,81,Mercer Arboretum C557,9,2013,6,14
2013-06-15,52,Huffman Wolf Road C563,1,2013,6,15
2013-06-16,30,Huffman Wolf Road C563,0,2013,6,16
2013-06-17,38,Huffman Wolf Road C563,13,2013,6,17
2013-06-18,39,Crosby Library C553,15,2013,6,18
2013-06-19,43,UH WG Jones Forest C698,15,2013,6,19
2013-06-20,44,Conroe Relocated C78/A321,1,2013,6,20
2013-06-21,51,Conroe Relocated C78/A321,0,2013,6,21
2013-06-22,47,Conroe Relocated C78/A321,0,2013,6,22
2013-06-23,42,Conroe Relocated C78/A321,0,2013,6,23
2013-06-24,46,Conroe Relocated C78/A321,0,2013,6,24
2013-06-25,41,Conroe Relocated C78/A321,0,2013,6,25
2013-06-26,55,Conroe Relocated C78/A321,8,2013,6,26
2013-06-27,59,Crosby Library C553,12,2013,6,27
2013-06-28,62,Houston East C1/G316,12,2013,6,28
2013-06-29,64,Manvel Croix Park C84,15,2013,6,29
2013-06-30,71,Texas City 34th St. C620,11,2013,6,30
2013-07-01,71,Danciger C618,11,2013,7,1
2013-07-02,84,Manvel Croix Park C84,11,2013,7,2
2013-07-03,88,Lang C408,15,2013,7,3
2013-07-04,86,Manvel Croix Park C84,6,2013,7,4
2013-07-05,82,Houston Bayland Park C53/A146,6,2013,7,5
2013-07-06,64,West Houston C554,2,2013,7,6
2013-07-07,39,UH WG Jones Forest C698,2,2013,7,7
2013-07-08,45,Conroe Relocated C78/A321,4,2013,7,8
2013-07-09,59,Conroe Relocated C78/A321,12,2013,7,9
2013-07-10,55,Conroe Relocated C78/A321,12,2013,7,10
2013-07-11,53,Crosby Library C553,12,2013,7,11
2013-07-12,69,HRM-3 Haden Road C603/A114,14,2013,7,12
2013-07-13,73,Seabrook Friendship Park C45,10,2013,7,13
2013-07-14,49,UH WG Jones Forest C698,14,2013,7,14
2013-07-15,39,UH WG Jones Forest C698,10,2013,7,15
2013-07-16,43,Bunker Hill Village C562,1,2013,7,16
2013-07-17,31,Galveston 99th St. C1034/A320/X183,8,2013,7,17
2013-07-18,63,West Houston C554,12,2013,7,18
2013-07-19,43,West Houston C554,8,2013,7,19
2013-07-20,45,Meyer Park C561,5,2013,7,20
2013-07-21,31,Crosby Library C553,2,2013,7,21
2013-07-22,31,Conroe Relocated C78/A321,0,2013,7,22
2013-07-23,35,Crosby Library C553,8,2013,7,23
2013-07-24,50,Crosby Library C553,13,2013,7,24
2013-07-25,67,Crosby Library C553,13,2013,7,25
2013-07-26,37,Huffman Wolf Road C563,12,2013,7,26
2013-07-27,41,Wallisville Road C617,12,2013,7,27
2013-07-28,38,Conroe Relocated C78/A321,15,2013,7,28
2013-07-29,42,Conroe Relocated C78/A321,0,2013,7,29
2013-07-30,46,Conroe Relocated C78/A321,12,2013,7,30
2013-07-31,50,Crosby Library C553,12,2013,7,31
2013-08-01,68,Hou.DeerPrk2 C35/235/1001/AFH139FP239,12,2013,8,1
2013-08-02,64,Conroe Relocated C78/A321,12,2013,8,2
2013-08-03,45,Conroe Relocated C78/A321,12,2013,8,3
2013-08-04,38,Conroe Relocated C78/A321,12,2013,8,4
2013-08-05,40,Conroe Relocated C78/A321,12,2013,8,5
2013-08-06,37,Huffman Wolf Road C563,12,2013,8,6
2013-08-07,41,Huffman Wolf Road C563,12,2013,8,7
2013-08-08,53,Conroe Relocated C78/A321,13,2013,8,8
2013-08-09,79,Meyer Park C561,15,2013,8,9
2013-08-10,54,West Houston C554,13,2013,8,10
2013-08-11,47,Meyer Park C561,12,2013,8,11
2013-08-12,46,Conroe Relocated C78/A321,12,2013,8,12
2013-08-13,48,Huffman Wolf Road C563,12,2013,8,13
2013-08-14,57,Crosby Library C553,13,2013,8,14
2013-08-15,58,Manvel Croix Park C84,14,2013,8,15
2013-08-16,94,Manvel Croix Park C84,14,2013,8,16
2013-08-17,80,Danciger C618,14,2013,8,17
2013-08-18,69,Danciger C618,14,2013,8,18
2013-08-19,78,Houston Westhollow C410/C3003,13,2013,8,19
2013-08-20,51,Conroe Relocated C78/A321,14,2013,8,20
2013-08-21,54,U of H-Sugarland C696,9,2013,8,21
2013-08-22,54,West Houston C554,8,2013,8,22
2013-08-23,65,Houston Croquet C409,9,2013,8,23
2013-08-24,56,Danciger C618,5,2013,8,24
2013-08-25,38,Mercer Arboretum C557,8,2013,8,25
2013-08-26,29,Galveston 99th St. C1034/A320/X183,12,2013,8,26
2013-08-27,52,Meyer Park C561,8,2013,8,27
2013-08-28,83,Northwest Harris Co. C26/A110/X154,4,2013,8,28
2013-08-29,78,Seabrook Friendship Park C45,12,2013,8,29
2013-08-30,78,Wallisville Road C617,12,2013,8,30
2013-08-31,84,Mercer Arboretum C557,13,2013,8,31
2013-09-01,48,Wallisville Road C617,15,2013,9,1
2013-09-02,39,Conroe Relocated C78/A321,10,2013,9,2
2013-09-03,57,Atascocita C560,10,2013,9,3
2013-09-04,62,Northwest Harris Co. C26/A110/X154,14,2013,9,4
2013-09-05,49,Conroe Relocated C78/A321,12,2013,9,5
2013-09-06,45,West Houston C554,12,2013,9,6
2013-09-07,36,West Houston C554,9,2013,9,7
2013-09-08,43,Northwest Harris Co. C26/A110/X154,5,2013,9,8
2013-09-09,46,Conroe Relocated C78/A321,2,2013,9,9
2013-09-10,46,Northwest Harris Co. C26/A110/X154,2,2013,9,10
2013-09-11,51,Houston Aldine C8/AF108/X150,5,2013,9,11
2013-09-12,66,U of H-Sugarland C696,5,2013,9,12
2013-09-13,66,Houston Bayland Park C53/A146,6,2013,9,13
2013-09-14,64,Houston Westhollow C410/C3003,3,2013,9,14
2013-09-15,35,Conroe Relocated C78/A321,3,2013,9,15
2013-09-16,38,Katy Park C559,6,2013,9,16
2013-09-17,43,Katy Park C559,5,2013,9,17
2013-09-18,47,Northwest Harris Co. C26/A110/X154,2,2013,9,18
2013-09-19,27,Texas City 34th St. C620,3,2013,9,19
2013-09-20,24,Texas City 34th St. C620,3,2013,9,20
2013-09-21,36,Conroe Relocated C78/A321,7,2013,9,21
2013-09-22,48,Danciger C618,7,2013,9,22
2013-09-23,71,U of H-Sugarland C696,3,2013,9,23
2013-09-24,51,UH WG Jones Forest C698,3,2013,9,24
2013-09-25,124,La Porte Sylvan Beach C556,7,2013,9,25
2013-09-26,89,UH WG Jones Forest C698,3,2013,9,26
2013-09-27,63,Crosby Library C553,3,2013,9,27
2013-09-28,55,Wallisville Road C617,3,2013,9,28
2013-09-29,38,Galveston 99th St. C1034/A320/X183,10,2013,9,29
2013-09-30,43,Crosby Library C553,11,2013,9,30
2014-06-01,44,Katy Park C559,7,2014,6,1
2014-06-02,37,Northwest Harris Co. C26/A110/X154,3,2014,6,2
2014-06-03,34,Northwest Harris Co. C26/A110/X154,10,2014,6,3
2014-06-04,56,Conroe Relocated C78/A321,6,2014,6,4
2014-06-05,37,Conroe Relocated C78/A321,7,2014,6,5
2014-06-06,47,Conroe Relocated C78/A321,3,2014,6,6
2014-06-07,44,Conroe Relocated C78/A321,3,2014,6,7
2014-06-08,32,Sheldon C551,3,2014,6,8
2014-06-09,26,Conroe Relocated C78/A321,3,2014,6,9
2014-06-10,63,Wallisville Road C617,3,2014,6,10
2014-06-11,78,Wallisville Road C617,7,2014,6,11
2014-06-12,42,UH WG Jones Forest C698,7,2014,6,12
2014-06-13,59,Mercer Arboretum C557,11,2014,6,13
2014-06-14,54,Conroe Relocated C78/A321,7,2014,6,14
2014-06-15,37,Conroe Relocated C78/A321,3,2014,6,15
2014-06-16,36,Conroe Relocated C78/A321,1,2014,6,16
2014-06-17,40,Conroe Relocated C78/A321,0,2014,6,17
2014-06-18,29,Conroe Relocated C78/A321,0,2014,6,18
2014-06-19,48,UH WG Jones Forest C698,0,2014,6,19
2014-06-20,59,UH WG Jones Forest C698,0,2014,6,20
2014-06-21,47,UH West Liberty C699,0,2014,6,21
2014-06-22,31,Sheldon C551,2,2014,6,22
2014-06-23,30,Conroe Relocated C78/A321,2,2014,6,23
2014-06-24,34,UH West Liberty C699,15,2014,6,24
2014-06-25,25,Monitoring_Site,0,2014,6,25
2014-06-26,27,Galveston 99th St. C1034/A320/X183,0,2014,6,26
2014-06-27,31,Conroe Relocated C78/A321,2,2014,6,27
2014-06-28,28,Monitoring_Site,2,2014,6,28
2014-06-29,29,Monitoring_Site,0,2014,6,29
2014-06-30,39,Conroe Relocated C78/A321,12,2014,6,30
2014-07-01,50,UH West Liberty C699,0,2014,7,1
2014-07-02,54,Sheldon C551,5,2014,7,2
2014-07-03,63,Galveston 99th St. C1034/A320/X183,9,2014,7,3
2014-07-04,65,Houston Croquet C409,12,2014,7,4
2014-07-05,57,UH West Liberty C699,12,2014,7,5
2014-07-06,59,Conroe Relocated C78/A321,12,2014,7,6
2014-07-07,45,Conroe Relocated C78/A321,13,2014,7,7
2014-07-08,38,UH West Liberty C699,0,2014,7,8
2014-07-09,55,Conroe Relocated C78/A321,12,2014,7,9
2014-07-10,42,Conroe Relocated C78/A321,4,2014,7,10
2014-07-11,65,Conroe Relocated C78/A321,0,2014,7,11
2014-07-12,66,Houston Aldine C8/AF108/X150,12,2014,7,12
2014-07-13,67,Wallisville Road C617,12,2014,7,13
2014-07-14,56,UH West Liberty C699,12,2014,7,14
2014-07-15,51,Texas City 34th St. C620,13,2014,7,15
2014-07-16,76,UH WG Jones Forest C698,15,2014,7,16
2014-07-17,27,Conroe Relocated C78/A321,11,2014,7,17
2014-07-18,32,Houston Aldine C8/AF108/X150,15,2014,7,18
2014-07-19,58,Galveston 99th St. C1034/A320/X183,15,2014,7,19
2014-07-20,61,Park Place C416,12,2014,7,20
2014-07-21,58,Conroe Relocated C78/A321,12,2014,7,21
2014-07-22,58,Wallisville Road C617,12,2014,7,22
2014-07-23,72,UH Moody Tower C695,12,2014,7,23
2014-07-24,76,UH Moody Tower C695,12,2014,7,24
2014-07-25,70,UH West Liberty C699,13,2014,7,25
2014-07-26,35,UH West Liberty C699,12,2014,7,26
2014-07-27,34,Crosby Library C553,12,2014,7,27
2014-07-28,54,Houston East C1/G316,12,2014,7,28
2014-07-29,48,Galveston 99th St. C1034/A320/X183,12,2014,7,29
2014-07-30,83,UH WG Jones Forest C698,12,2014,7,30
2014-07-31,43,UH West Liberty C699,13,2014,7,31
2014-08-01,54,La Porte Sylvan Beach C556,13,2014,8,1
2014-08-02,47,Galveston 99th St. C1034/A320/X183,14,2014,8,2
2014-08-03,54,Galveston 99th St. C1034/A320/X183,13,2014,8,3
2014-08-04,59,Katy Park C559,13,2014,8,4
2014-08-05,52,Northwest Harris Co. C26/A110/X154,13,2014,8,5
2014-08-06,73,Conroe Relocated C78/A321,12,2014,8,6
2014-08-07,47,Conroe Relocated C78/A321,12,2014,8,7
2014-08-08,49,Conroe Relocated C78/A321,15,2014,8,8
2014-08-09,40,UH West Liberty C699,4,2014,8,9
2014-08-10,42,UH West Liberty C699,8,2014,8,10
2014-08-11,52,Wallisville Road C617,13,2014,8,11
2014-08-12,76,Galveston 99th St. C1034/A320/X183,13,2014,8,12
2014-08-13,82,Manvel Croix Park C84,13,2014,8,13
2014-08-14,81,Katy Park C559,13,2014,8,14
2014-08-15,73,Conroe Relocated C78/A321,13,2014,8,15
2014-08-16,35,Conroe Relocated C78/A321,13,2014,8,16
2014-08-17,29,UH West Liberty C699,12,2014,8,17
2014-08-18,37,Conroe Relocated C78/A321,8,2014,8,18
2014-08-19,29,Conroe Relocated C78/A321,15,2014,8,19
2014-08-20,34,Conroe Relocated C78/A321,2,2014,8,20
2014-08-21,37,Conroe Relocated C78/A321,0,2014,8,21
2014-08-22,63,Conroe Relocated C78/A321,12,2014,8,22
2014-08-23,55,Conroe Relocated C78/A321,8,2014,8,23
2014-08-24,63,Channelview C15/AH115,0,2014,8,24
2014-08-25,76,Manvel Croix Park C84,5,2014,8,25
2014-08-26,66,Danciger C618,9,2014,8,26
2014-08-27,57,U of H-Sugarland C696,13,2014,8,27
2014-08-28,49,UH WG Jones Forest C698,13,2014,8,28
2014-08-29,51,Galveston 99th St. C1034/A320/X183,10,2014,8,29
2014-08-30,53,Conroe Relocated C78/A321,6,2014,8,30
2014-08-31,32,Conroe Relocated C78/A321,0,2014,8,31
2014-09-01,42,Conroe Relocated C78/A321,0,2014,9,1
2014-09-02,41,Conroe Relocated C78/A321,1,2014,9,2
2014-09-03,39,Northwest Harris Co. C26/A110/X154,1,2014,9,3
2014-09-04,44,Conroe Relocated C78/A321,1,2014,9,4
2014-09-05,44,Meyer Park C561,0,2014,9,5
2014-09-06,44,Channelview C15/AH115,4,2014,9,6
2014-09-07,40,UH Moody Tower C695,9,2014,9,7
2014-09-08,74,Houston Bayland Park C53/A146,10,2014,9,8
2014-09-09,67,Conroe Relocated C78/A321,0,2014,9,9
2014-09-10,36,Conroe Relocated C78/A321,2,2014,9,10
2014-09-11,51,Conroe Relocated C78/A321,6,2014,9,11
2014-09-12,32,Galveston 99th St. C1034/A320/X183,6,2014,9,12
2014-09-13,24,Danciger C618,6,2014,9,13
2014-09-14,34,Lake Jackson C1016,5,2014,9,14
2014-09-15,52,Houston Croquet C409,4,2014,9,15
2014-09-16,35,Northwest Harris Co. C26/A110/X154,8,2014,9,16
2014-09-17,26,Conroe Relocated C78/A321,15,2014,9,17
2014-09-18,22,Katy Park C559,7,2014,9,18
2014-09-19,40,Galveston 99th St. C1034/A320/X183,3,2014,9,19
2014-09-20,50,Houston Westhollow C410/C3003,3,2014,9,20
2014-09-21,61,UH Moody Tower C695,11,2014,9,21
2014-09-22,69,Danciger C618,15,2014,9,22
2014-09-23,58,Manvel Croix Park C84,14,2014,9,23
2014-09-24,66,U of H-Sugarland C696,14,2014,9,24
2014-09-25,47,Galveston 99th St. C1034/A320/X183,9,2014,9,25
2014-09-26,60,Houston Westhollow C410/C3003,9,2014,9,26
2014-09-27,49,U of H-Sugarland C696,6,2014,9,27
2014-09-28,43,UH Moody Tower C695,3,2014,9,28
2014-09-29,45,Danciger C618,6,2014,9,29
2014-09-30,59,Northwest Harris Co. C26/A110/X154,3,2014,9,30
2015-06-01,85,Manvel Croix Park C84,11,2015,6,1
2015-06-02,96,Clear Creek High School C571,15,2015,6,2
2015-06-03,108,Houston Aldine C8/AF108/X150,11,2015,6,3
2015-06-04,91,Northwest Harris Co. C26/A110/X154,7,2015,6,4
2015-06-05,75,UH Moody Tower C695,6,2015,6,5
2015-06-06,95,UH Moody Tower C695,10,2015,6,6
2015-06-07,86,Houston Aldine C8/AF108/X150,6,2015,6,7
2015-06-08,72,UH West Liberty C699,6,2015,6,8
2015-06-09,71,Baytown Garth C1017,11,2015,6,9
2015-06-10,71,UH West Liberty C699,7,2015,6,10
2015-06-11,51,Conroe Relocated C78/A321,3,2015,6,11
2015-06-12,45,UH WG Jones Forest C698,3,2015,6,12
2015-06-13,36,UH WG Jones Forest C698,3,2015,6,13
2015-06-14,31,Texas City 34th St. C620,3,2015,6,14
2015-06-15,27,Houston Westhollow C410/C3003,3,2015,6,15
2015-06-16,26,La Porte Sylvan Beach C556,1,2015,6,16
2015-06-17,24,Conroe Relocated C78/A321,0,2015,6,17
2015-06-18,23,UH West Liberty C699,1,2015,6,18
2015-06-19,37,UH West Liberty C699,15,2015,6,19
2015-06-20,28,UH West Liberty C699,0,2015,6,20
2015-06-21,36,Conroe Relocated C78/A321,0,2015,6,21
2015-06-22,52,Conroe Relocated C78/A321,12,2015,6,22
2015-06-23,55,Northwest Harris Co. C26/A110/X154,12,2015,6,23
2015-06-24,73,Houston Aldine C8/AF108/X150,12,2015,6,24
2015-06-25,57,UH West Liberty C699,12,2015,6,25
2015-06-26,36,UH West Liberty C699,12,2015,6,26
2015-06-27,36,Baytown Garth C1017,13,2015,6,27
2015-06-28,37,Conroe Relocated C78/A321,15,2015,6,28
2015-06-29,34,UH West Liberty C699,15,2015,6,29
2015-06-30,32,Galveston 99th St. C1034/A320/X183,15,2015,6,30
2015-07-01,29,Conroe Relocated C78/A321,4,2015,7,1
2015-07-02,41,Conroe Relocated C78/A321,4,2015,7,2
2015-07-03,38,Sheldon C551,15,2015,7,3
2015-07-04,37,Sheldon C551,15,2015,7,4
2015-07-05,36,Sheldon C551,0,2015,7,5
2015-07-06,37,Conroe Relocated C78/A321,0,2015,7,6
2015-07-07,34,Sheldon C551,12,2015,7,7
2015-07-08,40,Sheldon C551,0,2015,7,8
2015-07-09,47,Conroe Relocated C78/A321,0,2015,7,9
2015-07-10,61,Conroe Relocated C78/A321,0,2015,7,10
2015-07-11,47,Conroe Relocated C78/A321,8,2015,7,11
2015-07-12,47,Sheldon C551,12,2015,7,12
2015-07-13,52,Sheldon C551,12,2015,7,13
2015-07-14,48,Conroe Relocated C78/A321,14,2015,7,14
2015-07-15,63,Conroe Relocated C78/A321,10,2015,7,15
2015-07-16,56,Conroe Relocated C78/A321,4,2015,7,16
2015-07-17,42,Conroe Relocated C78/A321,4,2015,7,17
2015-07-18,42,Conroe Relocated C78/A321,0,2015,7,18
2015-07-19,47,UH West Liberty C699,12,2015,7,19
2015-07-20,49,UH West Liberty C699,12,2015,7,20
2015-07-21,39,Houston Aldine C8/AF108/X150,14,2015,7,21
2015-07-22,39,Conroe Relocated C78/A321,1,2015,7,22
2015-07-23,47,UH West Liberty C699,0,2015,7,23
2015-07-24,54,Conroe Relocated C78/A321,12,2015,7,24
2015-07-25,48,Houston Aldine C8/AF108/X150,12,2015,7,25
2015-07-26,48,Baytown Garth C1017,12,2015,7,26
2015-07-27,59,Conroe Relocated C78/A321,13,2015,7,27
2015-07-28,65,Conroe Relocated C78/A321,0,2015,7,28
2015-07-29,74,La Porte Sylvan Beach C556,12,2015,7,29
2015-07-30,71,Manvel Croix Park C84,12,2015,7,30
2015-07-31,76,Galveston 99th St. C1034/A320/X183,12,2015,7,31
2015-08-01,71,Manvel Croix Park C84,12,2015,8,1
2015-08-02,87,Manvel Croix Park C84,14,2015,8,2
2015-08-03,101,Houston East C1/G316,10,2015,8,3
2015-08-04,43,UH West Liberty C699,15,2015,8,4
2015-08-05,42,Conroe Relocated C78/A321,12,2015,8,5
2015-08-06,42,Houston Aldine C8/AF108/X150,12,2015,8,6
2015-08-07,53,Conroe Relocated C78/A321,13,2015,8,7
2015-08-08,45,Houston Aldine C8/AF108/X150,0,2015,8,8
2015-08-09,58,Houston Aldine C8/AF108/X150,8,2015,8,9
2015-08-10,87,UH Moody Tower C695,12,2015,8,10
2015-08-11,87,Texas City 34th St. C620,13,2015,8,11
2015-08-12,106,UH Moody Tower C695,12,2015,8,12
2015-08-13,95,Houston Aldine C8/AF108/X150,12,2015,8,13
2015-08-14,74,U of H-Sugarland C696,12,2015,8,14
2015-08-15,71,Danciger C618,12,2015,8,15
2015-08-16,71,HRM-3 Haden Road C603/A114,13,2015,8,16
2015-08-17,86,Houston Aldine C8/AF108/X150,14,2015,8,17
2015-08-18,42,Conroe Relocated C78/A321,0,2015,8,18
2015-08-19,33,Conroe Relocated C78/A321,3,2015,8,19
2015-08-20,40,Galveston 99th St. C1034/A320/X183,7,2015,8,20
2015-08-21,52,HRM-3 Haden Road C603/A114,0,2015,8,21
2015-08-22,32,Conroe Relocated C78/A321,0,2015,8,22
2015-08-23,42,Houston Aldine C8/AF108/X150,0,2015,8,23
2015-08-24,79,UH Moody Tower C695,12,2015,8,24
2015-08-25,56,Galveston 99th St. C1034/A320/X183,12,2015,8,25
2015-08-26,79,U of H-Sugarland C696,12,2015,8,26
2015-08-27,86,Manvel Croix Park C84,12,2015,8,27
2015-08-28,102,UH Moody Tower C695,13,2015,8,28
2015-08-29,105,Houston Aldine C8/AF108/X150,14,2015,8,29
2015-08-30,80,Houston Aldine C8/AF108/X150,13,2015,8,30
2015-08-31,47,UH WG Jones Forest C698,14,2015,8,31
2015-09-01,44,Galveston 99th St. C1034/A320/X183,4,2015,9,1
2015-09-02,50,Lang C408,8,2015,9,2
2015-09-03,47,Lang C408,13,2015,9,3
2015-09-04,46,Conroe Relocated C78/A321,6,2015,9,4
2015-09-05,30,UH West Liberty C699,0,2015,9,5
2015-09-06,48,Baytown Garth C1017,8,2015,9,6
2015-09-07,49,UH WG Jones Forest C698,13,2015,9,7
2015-09-08,71,UH WG Jones Forest C698,14,2015,9,8
2015-09-09,43,UH West Liberty C699,11,2015,9,9
2015-09-10,32,Conroe Relocated C78/A321,11,2015,9,10
2015-09-11,29,Conroe Relocated C78/A321,11,2015,9,11
2015-09-12,53,Manvel Croix Park C84,11,2015,9,12
2015-09-13,59,Northwest Harris Co. C26/A110/X154,11,2015,9,13
2015-09-14,64,Northwest Harris Co. C26/A110/X154,7,2015,9,14
2015-09-15,42,UH WG Jones Forest C698,0,2015,9,15
2015-09-16,48,Northwest Harris Co. C26/A110/X154,0,2015,9,16
2015-09-17,59,Northwest Harris Co. C26/A110/X154,8,2015,9,17
2015-09-18,67,Conroe Relocated C78/A321,6,2015,9,18
2015-09-19,68,Houston Westhollow C410/C3003,7,2015,9,19
2015-09-20,71,HRM-3 Haden Road C603/A114,7,2015,9,20
2015-09-21,90,Houston Bayland Park C53/A146,11,2015,9,21
2015-09-22,71,Houston Croquet C409,11,2015,9,22
2015-09-23,76,Manvel Croix Park C84,10,2015,9,23
2015-09-24,66,Houston Westhollow C410/C3003,6,2015,9,24
2015-09-25,74,Galveston 99th St. C1034/A320/X183,10,2015,9,25
2015-09-26,82,Galveston 99th St. C1034/A320/X183,11,2015,9,26
2015-09-27,49,Texas City 34th St. C620,7,2015,9,27
2015-09-28,36,Texas City 34th St. C620,7,2015,9,28
2015-09-29,36,Houston Westhollow C410/C3003,7,2015,9,29
2015-09-30,49,Manvel Croix Park C84,7,2015,9,30
2016-06-01,36,UH WG Jones Forest C698,3,2016,6,1
2016-06-02,44,UH Smith Point C1606,3,2016,6,2
2016-06-03,59,Galveston 99th St. C1034/A320/X183,11,2016,6,3
2016-06-04,50,Galveston 99th St. C1034/A320/X183,11,2016,6,4
2016-06-05,63,Galveston 99th St. C1034/A320/X183,7,2016,6,5
2016-06-06,69,Manvel Croix Park C84,7,2016,6,6
2016-06-07,67,Houston Croquet C409,7,2016,6,7
2016-06-08,78,Houston Westhollow C410/C3003,7,2016,6,8
2016-06-09,66,Galveston 99th St. C1034/A320/X183,7,2016,6,9
2016-06-10,55,Houston Aldine C8/AF108/X150,2,2016,6,10
2016-06-11,43,UH WG Jones Forest C698,0,2016,6,11
2016-06-12,30,Conroe Relocated C78/A321,12,2016,6,12
2016-06-13,33,UH WG Jones Forest C698,12,2016,6,13
2016-06-14,43,Conroe Relocated C78/A321,0,2016,6,14
2016-06-15,34,Huffman Wolf Road C563,0,2016,6,15
2016-06-16,54,Conroe Relocated C78/A321,0,2016,6,16
2016-06-17,59,UH WG Jones Forest C698,12,2016,6,17
2016-06-18,45,Wallisville Road C617,13,2016,6,18
2016-06-19,54,Houston Westhollow C410/C3003,12,2016,6,19
2016-06-20,43,Galveston 99th St. C1034/A320/X183,12,2016,6,20
2016-06-21,52,Houston Aldine C8/AF108/X150,12,2016,6,21
2016-06-22,58,Conroe Relocated C78/A321,12,2016,6,22
2016-06-23,64,Conroe Relocated C78/A321,12,2016,6,23
2016-06-24,52,Conroe Relocated C78/A321,12,2016,6,24
2016-06-25,41,Conroe Relocated C78/A321,8,2016,6,25
2016-06-26,43,Houston Aldine C8/AF108/X150,8,2016,6,26
2016-06-27,67,Houston East C1/G316,12,2016,6,27
2016-06-28,56,UH Smith Point C1606,12,2016,6,28
2016-06-29,61,Manvel Croix Park C84,13,2016,6,29
2016-06-30,69,Manvel Croix Park C84,13,2016,6,30
2016-07-01,67,Northwest Harris Co. C26/A110/X154,14,2016,7,1
2016-07-02,35,Conroe Relocated C78/A321,12,2016,7,2
2016-07-03,30,West Houston C554,12,2016,7,3
2016-07-04,33,Conroe Relocated C78/A321,12,2016,7,4
2016-07-05,43,Conroe Relocated C78/A321,12,2016,7,5
2016-07-06,36,Conroe Relocated C78/A321,12,2016,7,6
2016-07-07,43,Conroe Relocated C78/A321,12,2016,7,7
2016-07-08,43,Conroe Relocated C78/A321,12,2016,7,8
2016-07-09,37,Conroe Relocated C78/A321,12,2016,7,9
2016-07-10,32,West Houston C554,12,2016,7,10
2016-07-11,35,West Houston C554,0,2016,7,11
2016-07-12,42,Conroe Relocated C78/A321,0,2016,7,12
2016-07-13,40,Conroe Relocated C78/A321,8,2016,7,13
2016-07-14,44,Conroe Relocated C78/A321,12,2016,7,14
2016-07-15,40,Houston Aldine C8/AF108/X150,12,2016,7,15
2016-07-16,65,UH WG Jones Forest C698,12,2016,7,16
2016-07-17,48,UH WG Jones Forest C698,8,2016,7,17
2016-07-18,51,UH WG Jones Forest C698,12,2016,7,18
2016-07-19,40,Houston Westhollow C410/C3003,12,2016,7,19
2016-07-20,54,Houston Aldine C8/AF108/X150,12,2016,7,20
2016-07-21,85,West Houston C554,12,2016,7,21
2016-07-22,83,Houston Aldine C8/AF108/X150,12,2016,7,22
2016-07-23,54,Conroe Relocated C78/A321,12,2016,7,23
2016-07-24,45,Crosby Library C553,8,2016,7,24
2016-07-25,37,Lang C408,12,2016,7,25
2016-07-26,50,Conroe Relocated C78/A321,13,2016,7,26
2016-07-27,31,Houston Westhollow C410/C3003,13,2016,7,27
2016-07-28,44,Seabrook Friendship Park C45,13,2016,7,28
2016-07-29,52,Houston Aldine C8/AF108/X150,9,2016,7,29
2016-07-30,41,Baytown Garth C1017,4,2016,7,30
2016-07-31,37,West Houston C554,0,2016,7,31
2016-08-01,55,Conroe Relocated C78/A321,4,2016,8,1
2016-08-02,63,UH WG Jones Forest C698,12,2016,8,2
2016-08-03,89,Houston Aldine C8/AF108/X150,12,2016,8,3
2016-08-04,76,UH WG Jones Forest C698,12,2016,8,4
2016-08-05,60,Conroe Relocated C78/A321,13,2016,8,5
2016-08-06,46,Crosby Library C553,9,2016,8,6
2016-08-07,47,Wallisville Road C617,9,2016,8,7
2016-08-08,65,Crosby Library C553,9,2016,8,8
2016-08-09,64,Houston Aldine C8/AF108/X150,10,2016,8,9
2016-08-10,47,Conroe Relocated C78/A321,0,2016,8,10
2016-08-11,40,Wallisville Road C617,12,2016,8,11
2016-08-12,44,Huffman Wolf Road C563,12,2016,8,12
2016-08-13,51,UH WG Jones Forest C698,15,2016,8,13
2016-08-14,32,Houston Aldine C8/AF108/X150,11,2016,8,14
2016-08-15,34,Galveston 99th St. C1034/A320/X183,10,2016,8,15
2016-08-16,30,Galveston 99th St. C1034/A320/X183,4,2016,8,16
2016-08-17,30,Galveston 99th St. C1034/A320/X183,8,2016,8,17
2016-08-18,26,Conroe Relocated C78/A321,8,2016,8,18
2016-08-19,32,Conroe Relocated C78/A321,0,2016,8,19
2016-08-20,31,UH WG Jones Forest C698,1,2016,8,20
2016-08-21,33,Houston Bayland Park C53/A146,7,2016,8,21
2016-08-22,25,Conroe Relocated C78/A321,0,2016,8,22
2016-08-23,41,Conroe Relocated C78/A321,0,2016,8,23
2016-08-24,43,Conroe Relocated C78/A321,12,2016,8,24
2016-08-25,47,Galveston 99th St. C1034/A320/X183,12,2016,8,25
2016-08-26,60,Manvel Croix Park C84,4,2016,8,26
2016-08-27,56,Lake Jackson C1016,0,2016,8,27
2016-08-28,44,Manvel Croix Park C84,9,2016,8,28
2016-08-29,41,Galveston 99th St. C1034/A320/X183,9,2016,8,29
2016-08-30,52,Galveston 99th St. C1034/A320/X183,9,2016,8,30
2016-08-31,52,Galveston 99th St. C1034/A320/X183,10,2016,8,31
2016-09-01,65,Lake Jackson C1016,10,2016,9,1
2016-09-02,66,Manvel Croix Park C84,15,2016,9,2
2016-09-03,78,U of H-Sugarland C696,15,2016,9,3
2016-09-04,50,Lang C408,0,2016,9,4
2016-09-05,31,Conroe Relocated C78/A321,0,2016,9,5
2016-09-06,52,UH WG Jones Forest C698,0,2016,9,6
2016-09-07,44,Conroe Relocated C78/A321,12,2016,9,7
2016-09-08,49,Conroe Relocated C78/A321,12,2016,9,8
2016-09-09,36,UH Smith Point C1606,13,2016,9,9
2016-09-10,39,UH Smith Point C1606,13,2016,9,10
2016-09-11,64,Clear Creek High School C571,12,2016,9,11
2016-09-12,64,Houston Bayland Park C53/A146,12,2016,9,12
2016-09-13,42,UH Moody Tower C695,1,2016,9,13
2016-09-14,60,U of H-Sugarland C696,4,2016,9,14
2016-09-15,54,Houston Westhollow C410/C3003,12,2016,9,15
2016-09-16,45,U of H-Sugarland C696,0,2016,9,16
2016-09-17,72,UH Smith Point C1606,0,2016,9,17
2016-09-18,46,UH Smith Point C1606,13,2016,9,18
2016-09-19,84,HRM-3 Haden Road C603/A114,13,2016,9,19
2016-09-20,53,Texas City 34th St. C620,12,2016,9,20
2016-09-21,77,U of H-Sugarland C696,12,2016,9,21
2016-09-22,54,Northwest Harris Co. C26/A110/X154,13,2016,9,22
2016-09-23,32,UH WG Jones Forest C698,1,2016,9,23
2016-09-24,28,UH WG Jones Forest C698,1,2016,9,24
2016-09-25,31,UH WG Jones Forest C698,1,2016,9,25
2016-09-26,44,Manvel Croix Park C84,5,2016,9,26
2016-09-27,52,Manvel Croix Park C84,10,2016,9,27
2016-09-28,81,Clear Creek High School C571,11,2016,9,28
2016-09-29,73,Lake Jackson C1016,14,2016,9,29
2016-09-30,66,Manvel Croix Park C84,12,2016,9,30
2017-06-01,36,Northwest Harris Co. C26/A110/X154,2,2017,6,1
2017-06-02,35,Northwest Harris Co. C26/A110/X154,3,2017,6,2
2017-06-03,45,Lang C408,3,2017,6,3
2017-06-04,44,UH WG Jones Forest C698,7,2017,6,4
2017-06-05,56,Galveston 99th St. C1034/A320/X183,7,2017,6,5
2017-06-06,56,Galveston 99th St. C1034/A320/X183,7,2017,6,6
2017-06-07,65,Manvel Croix Park C84,7,2017,6,7
2017-06-08,87,Manvel Croix Park C84,11,2017,6,8
2017-06-09,76,Northwest Harris Co. C26/A110/X154,7,2017,6,9
2017-06-10,65,Conroe Relocated C78/A321,7,2017,6,10
2017-06-11,51,UH WG Jones Forest C698,3,2017,6,11
2017-06-12,45,Northwest Harris Co. C26/A110/X154,1,2017,6,12
2017-06-13,34,UH WG Jones Forest C698,1,2017,6,13
2017-06-14,41,Conroe Relocated C78/A321,2,2017,6,14
2017-06-15,41,UH WG Jones Forest C698,0,2017,6,15
2017-06-16,37,UH WG Jones Forest C698,14,2017,6,16
2017-06-17,36,Conroe Relocated C78/A321,11,2017,6,17
2017-06-18,34,Conroe Relocated C78/A321,7,2017,6,18
2017-06-19,61,Houston Bayland Park C53/A146,7,2017,6,19
2017-06-20,44,Danciger C618,10,2017,6,20
2017-06-21,32,Danciger C618,11,2017,6,21
2017-06-22,37,Galveston 99th St. C1034/A320/X183,7,2017,6,22
2017-06-23,51,UH WG Jones Forest C698,7,2017,6,23
2017-06-24,46,Texas City 34th St. C620,15,2017,6,24
2017-06-25,36,U of H-Sugarland C696,12,2017,6,25
2017-06-26,50,U of H-Sugarland C696,12,2017,6,26
2017-06-27,40,Northwest Harris Co. C26/A110/X154,14,2017,6,27
2017-06-28,37,Houston Westhollow C410/C3003,6,2017,6,28
2017-06-29,35,Conroe Relocated C78/A321,2,2017,6,29
2017-06-30,36,Conroe Relocated C78/A321,0,2017,6,30
2017-07-01,36,Conroe Relocated C78/A321,8,2017,7,1
2017-07-02,40,Conroe Relocated C78/A321,12,2017,7,2
2017-07-03,39,Conroe Relocated C78/A321,12,2017,7,3
2017-07-04,37,Conroe Relocated C78/A321,12,2017,7,4
2017-07-05,43,UH WG Jones Forest C698,12,2017,7,5
2017-07-06,54,Northwest Harris Co. C26/A110/X154,12,2017,7,6
2017-07-07,50,Houston Aldine C8/AF108/X150,12,2017,7,7
2017-07-08,44,Houston Aldine C8/AF108/X150,12,2017,7,8
2017-07-09,41,Galveston 99th St. C1034/A320/X183,12,2017,7,9
2017-07-10,42,Seabrook Friendship Park C45,12,2017,7,10
2017-07-11,36,Conroe Relocated C78/A321,8,2017,7,11
2017-07-12,38,UH WG Jones Forest C698,0,2017,7,12
2017-07-13,46,UH WG Jones Forest C698,8,2017,7,13
2017-07-14,59,Seabrook Friendship Park C45,12,2017,7,14
2017-07-15,41,Galveston 99th St. C1034/A320/X183,12,2017,7,15
2017-07-16,60,Houston Bayland Park C53/A146,12,2017,7,16
2017-07-17,55,Northwest Harris Co. C26/A110/X154,14,2017,7,17
2017-07-18,58,UH WG Jones Forest C698,9,2017,7,18
2017-07-19,56,UH WG Jones Forest C698,12,2017,7,19
2017-07-20,57,Seabrook Friendship Park C45,12,2017,7,20
2017-07-21,50,Crosby Library C553,12,2017,7,21
2017-07-22,35,Conroe Relocated C78/A321,12,2017,7,22
2017-07-23,31,Conroe Relocated C78/A321,8,2017,7,23
2017-07-24,37,Crosby Library C553,14,2017,7,24
2017-07-25,47,Conroe Relocated C78/A321,12,2017,7,25
2017-07-26,50,Conroe Relocated C78/A321,12,2017,7,26
2017-07-27,57,Conroe Relocated C78/A321,12,2017,7,27
2017-07-28,47,Houston Aldine C8/AF108/X150,12,2017,7,28
2017-07-29,49,Houston Aldine C8/AF108/X150,14,2017,7,29
2017-07-30,52,Manvel Croix Park C84,13,2017,7,30
2017-07-31,71,Danciger C618,12,2017,7,31
2017-08-01,66,U of H-Sugarland C696,12,2017,8,1
2017-08-02,44,Texas City 34th St. C620,13,2017,8,2
2017-08-03,67,U of H-Sugarland C696,12,2017,8,3
2017-08-04,78,Seabrook Friendship Park C45,12,2017,8,4
2017-08-05,44,Conroe Relocated C78/A321,12,2017,8,5
2017-08-06,23,Conroe Relocated C78/A321,0,2017,8,6
2017-08-07,34,Texas City 34th St. C620,15,2017,8,7
2017-08-08,42,Channelview C15/AH115,15,2017,8,8
2017-08-09,59,Wallisville Road C617,14,2017,8,9
2017-08-10,41,Houston Aldine C8/AF108/X150,12,2017,8,10
2017-08-11,39,Crosby Library C553,12,2017,8,11
2017-08-12,43,Crosby Library C553,12,2017,8,12
2017-08-13,30,Conroe Relocated C78/A321,13,2017,8,13
2017-08-14,39,Conroe Relocated C78/A321,15,2017,8,14
2017-08-15,31,Conroe Relocated C78/A321,2,2017,8,15
2017-08-16,36,Conroe Relocated C78/A321,0,2017,8,16
2017-08-17,37,Conroe Relocated C78/A321,0,2017,8,17
2017-08-18,45,Houston Aldine C8/AF108/X150,12,2017,8,18
2017-08-19,51,Baytown Garth C1017,12,2017,8,19
2017-08-20,46,Houston Aldine C8/AF108/X150,13,2017,8,20
2017-08-21,63,Northwest Harris Co. C26/A110/X154,8,2017,8,21
2017-08-22,65,Clinton C403/C304/AH113,12,2017,8,22
2017-08-23,56,U of H-Sugarland C696,12,2017,8,23
2017-08-24,56,U of H-Sugarland C696,11,2017,8,24
2017-08-25,29,Texas City 34th St. C620,3,2017,8,25
2017-08-26,32,Texas City 34th St. C620,1,2017,8,26
2017-08-27,32,Texas City 34th St. C620,14,2017,8,27
2017-08-28,34,Northwest Harris Co. C26/A110/X154,11,2017,8,28
2017-08-29,35,Northwest Harris Co. C26/A110/X154,11,2017,8,29
2017-08-30,46,U of H-Sugarland C696,11,2017,8,30
2017-08-31,57,Crosby Library C553,11,2017,8,31
2017-09-01,96,Houston Bayland Park C53/A146,11,2017,9,1
2017-09-02,77,Clinton C403/C304/AH113,15,2017,9,2
2017-09-03,78,Clinton C403/C304/AH113,12,2017,9,3
2017-09-04,74,Northwest Harris Co. C26/A110/X154,12,2017,9,4
2017-09-05,71,Clear Brook High School C570,15,2017,9,5
2017-09-06,49,Danciger C618,15,2017,9,6
2017-09-07,63,Manvel Croix Park C84,11,2017,9,7
2017-09-08,82,U of H-Sugarland C696,15,2017,9,8
2017-09-09,65,Manvel Croix Park C84,14,2017,9,9
2017-09-10,60,Manvel Croix Park C84,14,2017,9,10
2017-09-11,60,Manvel Croix Park C84,14,2017,9,11
2017-09-12,89,Seabrook Friendship Park C45,11,2017,9,12
2017-09-13,73,Crosby Library C553,7,2017,9,13
2017-09-14,85,UH WG Jones Forest C698,7,2017,9,14
2017-09-15,66,UH WG Jones Forest C698,6,2017,9,15
2017-09-16,66,Houston Aldine C8/AF108/X150,2,2017,9,16
2017-09-17,58,Houston Aldine C8/AF108/X150,0,2017,9,17
2017-09-18,30,Conroe Relocated C78/A321,0,2017,9,18
2017-09-19,42,Conroe Relocated C78/A321,15,2017,9,19
2017-09-20,38,Conroe Relocated C78/A321,2,2017,9,20
2017-09-21,42,Texas City 34th St. C620,1,2017,9,21
2017-09-22,66,Northwest Harris Co. C26/A110/X154,2,2017,9,22
2017-09-23,65,Northwest Harris Co. C26/A110/X154,3,2017,9,23
2017-09-24,57,Northwest Harris Co. C26/A110/X154,3,2017,9,24
2017-09-25,53,Northwest Harris Co. C26/A110/X154,3,2017,9,25
2017-09-26,54,Northwest Harris Co. C26/A110/X154,3,2017,9,26
2017-09-27,63,Houston Westhollow C410/C3003,3,2017,9,27
2017-09-28,54,Manvel Croix Park C84,3,2017,9,28
2017-09-29,69,Manvel Croix Park C84,6,2017,9,29
2017-09-30,78,Manvel Croix Park C84,10,2017,9,30
2018-06-01,64,Conroe Relocated C78/A321,10,2018,6,1
2018-06-02,51,Conroe Relocated C78/A321,14,2018,6,2
2018-06-03,54,Houston Aldine C8/AF108/X150,13,2018,6,3
2018-06-04,66,Baytown Garth C1017,12,2018,6,4
2018-06-05,48,Houston Aldine C8/AF108/X150,15,2018,6,5
2018-06-06,65,UH WG Jones Forest C698,11,2018,6,6
2018-06-07,67,Conroe Relocated C78/A321,11,2018,6,7
2018-06-08,76,UH WG Jones Forest C698,14,2018,6,8
2018-06-09,43,Conroe Relocated C78/A321,12,2018,6,9
2018-06-10,28,Conroe Relocated C78/A321,0,2018,6,10
2018-06-11,36,Conroe Relocated C78/A321,2,2018,6,11
2018-06-12,49,Conroe Relocated C78/A321,2,2018,6,12
2018-06-13,59,Conroe Relocated C78/A321,6,2018,6,13
2018-06-14,47,Conroe Relocated C78/A321,5,2018,6,14
2018-06-15,46,Conroe Relocated C78/A321,1,2018,6,15
2018-06-16,40,UH WG Jones Forest C698,3,2018,6,16
2018-06-17,27,Houston Westhollow C410/C3003,2,2018,6,17
2018-06-18,29,Northwest Harris Co. C26/A110/X154,1,2018,6,18
2018-06-19,26,UH Smith Point C1606,0,2018,6,19
2018-06-20,23,Galveston 99th St. C1034/A320/X183,2,2018,6,20
2018-06-21,51,Conroe Relocated C78/A321,11,2018,6,21
2018-06-22,40,Houston Aldine C8/AF108/X150,11,2018,6,22
2018-06-23,37,Conroe Relocated C78/A321,7,2018,6,23
2018-06-24,31,Conroe Relocated C78/A321,2,2018,6,24
2018-06-25,27,Crosby Library C553,1,2018,6,25
2018-06-26,50,Conroe Relocated C78/A321,0,2018,6,26
2018-06-27,49,Conroe Relocated C78/A321,12,2018,6,27
2018-06-28,43,Conroe Relocated C78/A321,8,2018,6,28
2018-06-29,40,Conroe Relocated C78/A321,0,2018,6,29
2018-06-30,36,Conroe Relocated C78/A321,0,2018,6,30
2018-07-01,39,Conroe Relocated C78/A321,0,2018,7,1
2018-07-02,56,Conroe Relocated C78/A321,12,2018,7,2
2018-07-03,52,Crosby Library C553,8,2018,7,3
2018-07-04,32,UH Smith Point C1606,8,2018,7,4
2018-07-05,48,Lang C408,12,2018,7,5
2018-07-06,59,Houston Croquet C409,12,2018,7,6
2018-07-07,53,Houston Westhollow C410/C3003,12,2018,7,7
2018-07-08,43,Conroe Relocated C78/A321,12,2018,7,8
2018-07-09,32,UH Smith Point C1606,12,2018,7,9
2018-07-10,65,UH WG Jones Forest C698,12,2018,7,10
2018-07-11,58,Baytown Garth C1017,12,2018,7,11
2018-07-12,50,Conroe Relocated C78/A321,12,2018,7,12
2018-07-13,50,Conroe Relocated C78/A321,12,2018,7,13
2018-07-14,39,Conroe Relocated C78/A321,12,2018,7,14
2018-07-15,33,Crosby Library C553,12,2018,7,15
2018-07-16,48,Crosby Library C553,12,2018,7,16
2018-07-17,50,Baytown Garth C1017,12,2018,7,17
2018-07-18,51,Baytown Garth C1017,12,2018,7,18
2018-07-19,55,Crosby Library C553,12,2018,7,19
2018-07-20,56,Houston Aldine C8/AF108/X150,12,2018,7,20
2018-07-21,50,Crosby Library C553,12,2018,7,21
2018-07-22,52,Wallisville Road C617,12,2018,7,22
2018-07-23,81,Wallisville Road C617,12,2018,7,23
2018-07-24,73,Houston Croquet C409,12,2018,7,24
2018-07-25,72,Park Place C416,12,2018,7,25
2018-07-26,107,Galveston 99th St. C1034/A320/X183,12,2018,7,26
2018-07-27,109,Houston Aldine C8/AF108/X150,12,2018,7,27
2018-07-28,86,Houston Aldine C8/AF108/X150,12,2018,7,28
2018-07-29,71,Wallisville Road C617,12,2018,7,29
2018-07-30,64,Wallisville Road C617,12,2018,7,30
2018-07-31,49,Conroe Relocated C78/A321,13,2018,7,31
2018-08-01,96,Texas City 34th St. C620,14,2018,8,1
2018-08-02,78,Manvel Croix Park C84,14,2018,8,2
2018-08-03,76,Houston Westhollow C410/C3003,13,2018,8,3
2018-08-04,42,Conroe Relocated C78/A321,8,2018,8,4
2018-08-05,58,Northwest Harris Co. C26/A110/X154,8,2018,8,5
2018-08-06,45,Conroe Relocated C78/A321,12,2018,8,6
2018-08-07,39,Conroe Relocated C78/A321,12,2018,8,7
2018-08-08,41,UH West Liberty C699,8,2018,8,8
2018-08-09,33,Conroe Relocated C78/A321,8,2018,8,9
2018-08-10,43,Wallisville Road C617,12,2018,8,10
2018-08-11,30,Conroe Relocated C78/A321,12,2018,8,11
2018-08-12,23,Conroe Relocated C78/A321,8,2018,8,12
2018-08-13,45,Conroe Relocated C78/A321,0,2018,8,13
2018-08-14,46,Conroe Relocated C78/A321,0,2018,8,14
2018-08-15,45,Conroe Relocated C78/A321,0,2018,8,15
2018-08-16,40,Conroe Relocated C78/A321,12,2018,8,16
2018-08-17,43,Conroe Relocated C78/A321,12,2018,8,17
2018-08-18,38,Wallisville Road C617,12,2018,8,18
2018-08-19,33,Conroe Relocated C78/A321,12,2018,8,19
2018-08-20,36,Wallisville Road C617,15,2018,8,20
2018-08-21,50,Wallisville Road C617,12,2018,8,21
2018-08-22,74,Texas City 34th St. C620,12,2018,8,22
2018-08-23,100,UH Moody Tower C695,12,2018,8,23
2018-08-24,91,Houston Aldine C8/AF108/X150,12,2018,8,24
2018-08-25,77,Northwest Harris Co. C26/A110/X154,4,2018,8,25
2018-08-26,55,Houston Aldine C8/AF108/X150,12,2018,8,26
2018-08-27,48,Conroe Relocated C78/A321,12,2018,8,27
2018-08-28,40,Conroe Relocated C78/A321,0,2018,8,28
2018-08-29,40,Conroe Relocated C78/A321,8,2018,8,29
2018-08-30,55,Northwest Harris Co. C26/A110/X154,12,2018,8,30
2018-08-31,65,Houston Westhollow C410/C3003,13,2018,8,31
2018-09-01,55,Houston Westhollow C410/C3003,1,2018,9,1
2018-09-02,30,UH Smith Point C1606,1,2018,9,2
2018-09-03,28,Galveston 99th St. C1034/A320/X183,1,2018,9,3
2018-09-04,35,Northwest Harris Co. C26/A110/X154,1,2018,9,4
2018-09-05,48,Northwest Harris Co. C26/A110/X154,1,2018,9,5
2018-09-06,51,UH WG Jones Forest C698,8,2018,9,6
2018-09-07,37,Conroe Relocated C78/A321,8,2018,9,7
2018-09-08,34,Conroe Relocated C78/A321,10,2018,9,8
2018-09-09,38,Wallisville Road C617,7,2018,9,9
2018-09-10,30,Wallisville Road C617,7,2018,9,10
2018-09-11,30,Texas City 34th St. C620,7,2018,9,11
2018-09-12,40,Northwest Harris Co. C26/A110/X154,6,2018,9,12
2018-09-13,32,Galveston 99th St. C1034/A320/X183,5,2018,9,13
2018-09-14,28,Oyster Creek C1607,5,2018,9,14
2018-09-15,43,Northwest Harris Co. C26/A110/X154,5,2018,9,15
2018-09-16,74,Lynchburg Ferry C1015/A165,5,2018,9,16
2018-09-17,88,Hou.DeerPrk2 C35/235/1001/AFH139FP239,10,2018,9,17
2018-09-18,93,UH Smith Point C1606,5,2018,9,18
2018-09-19,77,UH WG Jones Forest C698,1,2018,9,19
2018-09-20,43,Conroe Relocated C78/A321,2,2018,9,20
2018-09-21,24,Conroe Relocated C78/A321,0,2018,9,21
2018-09-22,22,Monitoring_Site,13,2018,9,22
2018-09-23,53,Wallisville Road C617,10,2018,9,23
2018-09-24,60,Wallisville Road C617,2,2018,9,24
2018-09-25,42,Conroe Relocated C78/A321,2,2018,9,25
2018-09-26,29,Wallisville Road C617,0,2018,9,26
2018-09-27,38,Oyster Creek C1607,15,2018,9,27
2018-09-28,40,Houston Westhollow C410/C3003,11,2018,9,28
2018-09-29,29,Monitoring_Site,0,2018,9,29
2018-09-30,35,Northwest Harris Co. C26/A110/X154,0,2018,9,30
2019-06-01,81,Houston Aldine C8/AF108/X150,7,2019,6,1
2019-06-02,57,UH West Liberty C699,7,2019,6,2
2019-06-03,72,Houston Aldine C8/AF108/X150,3,2019,6,3
2019-06-04,55,UH WG Jones Forest C698,2,2019,6,4
2019-06-05,26,Tom Bass C558,2,2019,6,5
2019-06-06,68,Baytown Garth C1017,3,2019,6,6
2019-06-07,59,Houston Aldine C8/AF108/X150,7,2019,6,7
2019-06-08,81,Galveston 99th St. C1034/A320/X183,7,2019,6,8
2019-06-09,93,UH Moody Tower C695,11,2019,6,9
2019-06-10,63,Lake Jackson C1016,12,2019,6,10
2019-06-11,83,Houston Croquet C409,12,2019,6,11
2019-06-12,91,Houston Bayland Park C53/A146,15,2019,6,12
2019-06-13,81,Galveston 99th St. C1034/A320/X183,15,2019,6,13
2019-06-14,83,Conroe Relocated C78/A321,15,2019,6,14
2019-06-15,33,Tom Bass C558,0,2019,6,15
2019-06-16,45,Galveston 99th St. C1034/A320/X183,1,2019,6,16
2019-06-17,81,Houston Aldine C8/AF108/X150,2,2019,6,17
2019-06-18,63,Baytown Garth C1017,11,2019,6,18
2019-06-19,37,UH West Liberty C699,15,2019,6,19
2019-06-20,27,Conroe Relocated C78/A321,11,2019,6,20
2019-06-21,32,Conroe Relocated C78/A321,0,2019,6,21
2019-06-22,29,Conroe Relocated C78/A321,0,2019,6,22
2019-06-23,31,Conroe Relocated C78/A321,0,2019,6,23
2019-06-24,59,UH WG Jones Forest C698,0,2019,6,24
2019-06-25,33,Conroe Relocated C78/A321,1,2019,6,25
2019-06-26,27,UH WG Jones Forest C698,0,2019,6,26
2019-06-27,32,Conroe Relocated C78/A321,12,2019,6,27
2019-06-28,55,Houston Aldine C8/AF108/X150,12,2019,6,28
2019-06-29,40,Galveston 99th St. C1034/A320/X183,12,2019,6,29
2019-06-30,59,Lynchburg Ferry C1015/A165,12,2019,6,30
2019-07-01,57,UH WG Jones Forest C698,12,2019,7,1
2019-07-02,40,UH WG Jones Forest C698,0,2019,7,2
2019-07-03,43,Conroe Relocated C78/A321,0,2019,7,3
2019-07-04,31,Conroe Relocated C78/A321,0,2019,7,4
2019-07-05,47,Conroe Relocated C78/A321,8,2019,7,5
2019-07-06,61,Channelview C15/AH115,12,2019,7,6
2019-07-07,52,Baytown Garth C1017,12,2019,7,7
2019-07-08,39,Conroe Relocated C78/A321,12,2019,7,8
2019-07-09,49,UH WG Jones Forest C698,13,2019,7,9
2019-07-10,66,Houston Aldine C8/AF108/X150,12,2019,7,10
2019-07-11,66,Galveston 99th St. C1034/A320/X183,12,2019,7,11
2019-07-12,62,Oyster Creek C1607,14,2019,7,12
2019-07-13,46,Texas City 34th St. C620,10,2019,7,13
2019-07-14,41,Channelview C15/AH115,14,2019,7,14
2019-07-15,31,UH WG Jones Forest C698,12,2019,7,15
2019-07-16,35,Conroe Relocated C78/A321,12,2019,7,16
2019-07-17,38,UH WG Jones Forest C698,12,2019,7,17
2019-07-18,43,Conroe Relocated C78/A321,12,2019,7,18
2019-07-19,44,Conroe Relocated C78/A321,8,2019,7,19
2019-07-20,43,Conroe Relocated C78/A321,8,2019,7,20
2019-07-21,33,Houston Aldine C8/AF108/X150,4,2019,7,21
2019-07-22,36,Houston Aldine C8/AF108/X150,13,2019,7,22
2019-07-23,47,Lake Jackson C1016,13,2019,7,23
2019-07-24,66,Danciger C618,13,2019,7,24
2019-07-25,82,Tom Bass C558,13,2019,7,25
2019-07-26,81,Katy Park C559,12,2019,7,26
2019-07-27,64,Houston Westhollow C410/C3003,12,2019,7,27
2019-07-28,35,West Houston C554,12,2019,7,28
2019-07-29,33,Huffman Wolf Road C563,12,2019,7,29
2019-07-30,36,Wallisville Road C617,12,2019,7,30
2019-07-31,56,Lang C408,12,2019,7,31
2019-08-01,73,Houston Bayland Park C53/A146,12,2019,8,1
2019-08-02,70,Park Place C416,12,2019,8,2
2019-08-03,64,Hou.DeerPrk2 C35/235/1001/AFH139FP239,13,2019,8,3
2019-08-04,50,Houston Aldine C8/AF108/X150,13,2019,8,4
2019-08-05,60,Houston Aldine C8/AF108/X150,13,2019,8,5
2019-08-06,47,Conroe Relocated C78/A321,12,2019,8,6
2019-08-07,40,Huffman Wolf Road C563,13,2019,8,7
2019-08-08,50,West Houston C554,13,2019,8,8
2019-08-09,49,West Houston C554,12,2019,8,9
2019-08-10,40,Huffman Wolf Road C563,12,2019,8,10
2019-08-11,39,UH WG Jones Forest C698,12,2019,8,11
2019-08-12,51,Huffman Wolf Road C563,12,2019,8,12
2019-08-13,51,Houston Aldine C8/AF108/X150,12,2019,8,13
2019-08-14,59,Hou.DeerPrk2 C35/235/1001/AFH139FP239,12,2019,8,14
2019-08-15,107,Hou.DeerPrk2 C35/235/1001/AFH139FP239,12,2019,8,15
2019-08-16,68,Houston Aldine C8/AF108/X150,12,2019,8,16
2019-08-17,34,Conroe Relocated C78/A321,12,2019,8,17
2019-08-18,29,Conroe Relocated C78/A321,0,2019,8,18
2019-08-19,45,Conroe Relocated C78/A321,8,2019,8,19
2019-08-20,40,Huffman Wolf Road C563,12,2019,8,20
2019-08-21,41,UH WG Jones Forest C698,12,2019,8,21
2019-08-22,50,Northwest Harris Co. C26/A110/X154,8,2019,8,22
2019-08-23,33,Katy Park C559,0,2019,8,23
2019-08-24,49,Houston Bayland Park C53/A146,0,2019,8,24
2019-08-25,32,Wallisville Road C617,13,2019,8,25
2019-08-26,37,Conroe Relocated C78/A321,15,2019,8,26
2019-08-27,48,Conroe Relocated C78/A321,15,2019,8,27
2019-08-28,54,UH Moody Tower C695,13,2019,8,28
2019-08-29,70,Northwest Harris Co. C26/A110/X154,12,2019,8,29
2019-08-30,61,Meyer Park C561,12,2019,8,30
2019-08-31,76,Houston Bayland Park C53/A146,12,2019,8,31
2019-09-01,64,Galveston 99th St. C1034/A320/X183,13,2019,9,1
2019-09-02,48,Danciger C618,13,2019,9,2
2019-09-03,50,Houston Bayland Park C53/A146,13,2019,9,3
2019-09-04,68,Houston Bayland Park C53/A146,9,2019,9,4
2019-09-05,93,Houston Aldine C8/AF108/X150,12,2019,9,5
2019-09-06,85,Houston Aldine C8/AF108/X150,12,2019,9,6
2019-09-07,77,Huffman Wolf Road C563,12,2019,9,7
2019-09-08,58,Conroe Relocated C78/A321,12,2019,9,8
2019-09-09,63,Conroe Relocated C78/A321,0,2019,9,9
2019-09-10,54,UH WG Jones Forest C698,0,2019,9,10
2019-09-11,46,Northwest Harris Co. C26/A110/X154,0,2019,9,11
2019-09-12,58,Northwest Harris Co. C26/A110/X154,8,2019,9,12
2019-09-13,69,Houston Bayland Park C53/A146,8,2019,9,13
2019-09-14,65,Houston Bayland Park C53/A146,12,2019,9,14
2019-09-15,57,Houston Bayland Park C53/A146,12,2019,9,15
2019-09-16,43,Texas City 34th St. C620,8,2019,9,16
2019-09-17,40,Texas City 34th St. C620,0,2019,9,17
2019-09-18,39,Galveston 99th St. C1034/A320/X183,0,2019,9,18
2019-09-19,31,Houston Bayland Park C53/A146,4,2019,9,19
2019-09-20,43,Texas City 34th St. C620,1,2019,9,20
2019-09-21,43,Northwest Harris Co. C26/A110/X154,0,2019,9,21
2019-09-22,41,UH WG Jones Forest C698,0,2019,9,22
2019-09-23,42,Northwest Harris Co. C26/A110/X154,13,2019,9,23
2019-09-24,65,Northwest Harris Co. C26/A110/X154,13,2019,9,24
2019-09-25,67,UH WG Jones Forest C698,6,2019,9,25
2019-09-26,78,West Houston C554,11,2019,9,26
2019-09-27,39,Conroe Relocated C78/A321,7,2019,9,27
2019-09-28,49,UH WG Jones Forest C698,3,2019,9,28
2019-09-29,46,UH WG Jones Forest C698,2,2019,9,29
2019-09-30,41,UH WG Jones Forest C698,0,2019,9,30
,,,cluster,,,