cluster,year,month,day,date,maximum,site
11,2010,6,1,2010-06-01,68,Conroe Relocated C78/A321
3,2010,6,2,2010-06-02,43,Conroe Relocated C78/A321
3,2010,6,3,2010-06-03,47,Wallisville Road C617
3,2010,6,4,2010-06-04,59,Seabrook Friendship Park C45
7,2010,6,5,2010-06-05,54,Conroe Relocated C78/A321
15,2010,6,6,2010-06-06,47,Houston Aldine C8/AF108/X150
13,2010,6,7,2010-06-07,36,Northwest Harris Co. C26/A110/X154
0,2010,6,8,2010-06-08,39,Hou.DeerPrk2 C35/235/1001/AFH139FP239
0,2010,6,9,2010-06-09,30,Northwest Harris Co. C26/A110/X154
0,2010,6,10,2010-06-10,32,Conroe Relocated C78/A321
2,2010,6,11,2010-06-11,30,Conroe Relocated C78/A321
0,2010,6,12,2010-06-12,28,Conroe Relocated C78/A321
0,2010,6,13,2010-06-13,28,Conroe Relocated C78/A321
0,2010,6,14,2010-06-14,38,Conroe Relocated C78/A321
2,2010,6,15,2010-06-15,43,Conroe Relocated C78/A321
0,2010,6,16,2010-06-16,49,Conroe Relocated C78/A321
0,2010,6,17,2010-06-17,36,Conroe Relocated C78/A321
0,2010,6,18,2010-06-18,41,Conroe Relocated C78/A321
8,2010,6,19,2010-06-19,47,Conroe Relocated C78/A321
12,2010,6,20,2010-06-20,50,Houston Aldine C8/AF108/X150
8,2010,6,21,2010-06-21,66,Conroe Relocated C78/A321
8,2010,6,22,2010-06-22,61,Houston Aldine C8/AF108/X150
12,2010,6,23,2010-06-23,47,Northwest Harris Co. C26/A110/X154
12,2010,6,24,2010-06-24,60,Wallisville Road C617
12,2010,6,25,2010-06-25,49,Conroe Relocated C78/A321
8,2010,6,26,2010-06-26,46,Houston Aldine C8/AF108/X150
6,2010,6,27,2010-06-27,50,Conroe Relocated C78/A321
7,2010,6,28,2010-06-28,37,Houston Aldine C8/AF108/X150
7,2010,6,29,2010-06-29,41,Houston Croquet C409
6,2010,6,30,2010-06-30,23,Northwest Harris Co. C26/A110/X154
6,2010,7,1,2010-07-01,19,Wallisville Road C617
5,2010,7,2,2010-07-02,15,Seabrook Friendship Park C45
1,2010,7,3,2010-07-03,28,Seabrook Friendship Park C45
2,2010,7,4,2010-07-04,36,Houston Aldine C8/AF108/X150
2,2010,7,5,2010-07-05,49,Houston Aldine C8/AF108/X150
3,2010,7,6,2010-07-06,55,Houston Croquet C409
3,2010,7,7,2010-07-07,22,Seabrook Friendship Park C45
1,2010,7,8,2010-07-08,21,Wallisville Road C617
5,2010,7,9,2010-07-09,66,Northwest Harris Co. C26/A110/X154
9,2010,7,10,2010-07-10,65,Seabrook Friendship Park C45
4,2010,7,11,2010-07-11,32,Houston Aldine C8/AF108/X150
6,2010,7,12,2010-07-12,22,Wallisville Road C617
2,2010,7,13,2010-07-13,28,Conroe Relocated C78/A321
0,2010,7,14,2010-07-14,40,Conroe Relocated C78/A321
12,2010,7,15,2010-07-15,53,Wallisville Road C617
12,2010,7,16,2010-07-16,92,Houston Aldine C8/AF108/X150
12,2010,7,17,2010-07-17,68,Houston Aldine C8/AF108/X150
12,2010,7,18,2010-07-18,42,Houston Aldine C8/AF108/X150
12,2010,7,19,2010-07-19,24,Conroe Relocated C78/A321
4,2010,7,20,2010-07-20,35,Northwest Harris Co. C26/A110/X154
8,2010,7,21,2010-07-21,35,Northwest Harris Co. C26/A110/X154
4,2010,7,22,2010-07-22,30,Northwest Harris Co. C26/A110/X154
4,2010,7,23,2010-07-23,34,Houston Aldine C8/AF108/X150
4,2010,7,24,2010-07-24,77,Lang C408
8,2010,7,25,2010-07-25,66,Manvel Croix Park C84
4,2010,7,26,2010-07-26,55,Northwest Harris Co. C26/A110/X154
1,2010,7,27,2010-07-27,27,Conroe Relocated C78/A321
4,2010,7,28,2010-07-28,29,Conroe Relocated C78/A321
12,2010,7,29,2010-07-29,41,Conroe Relocated C78/A321
12,2010,7,30,2010-07-30,51,Wallisville Road C617
13,2010,7,31,2010-07-31,58,Wallisville Road C617
15,2010,8,1,2010-08-01,69,Wallisville Road C617
9,2010,8,2,2010-08-02,82,Houston Aldine C8/AF108/X150
12,2010,8,3,2010-08-03,83,Houston Aldine C8/AF108/X150
12,2010,8,4,2010-08-04,76,Wallisville Road C617
12,2010,8,5,2010-08-05,54,Conroe Relocated C78/A321
15,2010,8,6,2010-08-06,44,Conroe Relocated C78/A321
14,2010,8,7,2010-08-07,45,Wallisville Road C617
10,2010,8,8,2010-08-08,33,Conroe Relocated C78/A321
1,2010,8,9,2010-08-09,52,Conroe Relocated C78/A321
4,2010,8,10,2010-08-10,77,Lang C408
9,2010,8,11,2010-08-11,93,Park Place C416
14,2010,8,12,2010-08-12,71,Wallisville Road C617
6,2010,8,13,2010-08-13,53,Wallisville Road C617
2,2010,8,14,2010-08-14,31,Houston Aldine C8/AF108/X150
4,2010,8,15,2010-08-15,48,Wallisville Road C617
8,2010,8,16,2010-08-16,50,Seabrook Friendship Park C45
13,2010,8,17,2010-08-17,79,Park Place C416
14,2010,8,18,2010-08-18,47,Houston Aldine C8/AF108/X150
13,2010,8,19,2010-08-19,30,Wallisville Road C617
1,2010,8,20,2010-08-20,26,Conroe Relocated C78/A321
2,2010,8,21,2010-08-21,36,Houston Aldine C8/AF108/X150
8,2010,8,22,2010-08-22,50,Wallisville Road C617
12,2010,8,23,2010-08-23,69,Wallisville Road C617
14,2010,8,24,2010-08-24,75,Manvel Croix Park C84
14,2010,8,25,2010-08-25,81,Manvel Croix Park C84
13,2010,8,26,2010-08-26,74,Manvel Croix Park C84
13,2010,8,27,2010-08-27,88,Manvel Croix Park C84
6,2010,8,28,2010-08-28,63,Manvel Croix Park C84
2,2010,8,29,2010-08-29,54,Northwest Harris Co. C26/A110/X154
1,2010,8,30,2010-08-30,24,Conroe Relocated C78/A321
0,2010,8,31,2010-08-31,30,Northwest Harris Co. C26/A110/X154
9,2010,9,1,2010-09-01,53,Northwest Harris Co. C26/A110/X154
6,2010,9,2,2010-09-02,57,Northwest Harris Co. C26/A110/X154
11,2010,9,3,2010-09-03,48,Manvel Croix Park C84
15,2010,9,4,2010-09-04,68,Manvel Croix Park C84
11,2010,9,5,2010-09-05,67,Northwest Harris Co. C26/A110/X154
3,2010,9,6,2010-09-06,25,Seabrook Friendship Park C45
2,2010,9,7,2010-09-07,20,Wallisville Road C617
1,2010,9,8,2010-09-08,26,Conroe Relocated C78/A321
2,2010,9,9,2010-09-09,28,Conroe Relocated C78/A321
3,2010,9,10,2010-09-10,29,Conroe Relocated C78/A321
6,2010,9,11,2010-09-11,37,Wallisville Road C617
15,2010,9,12,2010-09-12,51,Seabrook Friendship Park C45
12,2010,9,13,2010-09-13,77,Houston Croquet C409
13,2010,9,14,2010-09-14,87,Houston Aldine C8/AF108/X150
14,2010,9,15,2010-09-15,94,Northwest Harris Co. C26/A110/X154
10,2010,9,16,2010-09-16,62,Northwest Harris Co. C26/A110/X154
10,2010,9,17,2010-09-17,48,Northwest Harris Co. C26/A110/X154
5,2010,9,18,2010-09-18,41,Northwest Harris Co. C26/A110/X154
5,2010,9,19,2010-09-19,41,Wallisville Road C617
5,2010,9,20,2010-09-20,40,Manvel Croix Park C84
3,2010,9,21,2010-09-21,46,Northwest Harris Co. C26/A110/X154
3,2010,9,22,2010-09-22,43,Northwest Harris Co. C26/A110/X154
3,2010,9,23,2010-09-23,37,Conroe Relocated C78/A321
2,2010,9,24,2010-09-24,43,Northwest Harris Co. C26/A110/X154
9,2010,9,25,2010-09-25,62,Manvel Croix Park C84
11,2010,9,26,2010-09-26,52,Manvel Croix Park C84
7,2010,9,27,2010-09-27,54,Manvel Croix Park C84
7,2010,9,28,2010-09-28,77,Seabrook Friendship Park C45
7,2010,9,29,2010-09-29,78,Galveston 99th St. C1034/A320/X183
7,2010,9,30,2010-09-30,88,Manvel Croix Park C84
12,2011,6,1,2011-06-01,78,Northwest Harris Co. C26/A110/X154
12,2011,6,2,2011-06-02,95,Galveston 99th St. C1034/A320/X183
0,2011,6,3,2011-06-03,79,Northwest Harris Co. C26/A110/X154
0,2011,6,4,2011-06-04,70,Northwest Harris Co. C26/A110/X154
12,2011,6,5,2011-06-05,78,Manvel Croix Park C84
12,2011,6,6,2011-06-06,112,Galveston 99th St. C1034/A320/X183
10,2011,6,7,2011-06-07,80,Northwest Harris Co. C26/A110/X154
2,2011,6,8,2011-06-08,64,Conroe Relocated C78/A321
2,2011,6,9,2011-06-09,64,Conroe Relocated C78/A321
6,2011,6,10,2011-06-10,58,Conroe Relocated C78/A321
6,2011,6,11,2011-06-11,60,Houston Aldine C8/AF108/X150
2,2011,6,12,2011-06-12,69,Northwest Harris Co. C26/A110/X154
10,2011,6,13,2011-06-13,63,Conroe Relocated C78/A321
0,2011,6,14,2011-06-14,42,Conroe Relocated C78/A321
15,2011,6,15,2011-06-15,42,Conroe Relocated C78/A321
11,2011,6,16,2011-06-16,31,Conroe Relocated C78/A321
3,2011,6,17,2011-06-17,30,Conroe Relocated C78/A321
1,2011,6,18,2011-06-18,25,Conroe Relocated C78/A321
0,2011,6,19,2011-06-19,27,Conroe Relocated C78/A321
3,2011,6,20,2011-06-20,33,Conroe Relocated C78/A321
3,2011,6,21,2011-06-21,29,Conroe Relocated C78/A321
3,2011,6,22,2011-06-22,44,Manvel Croix Park C84
11,2011,6,23,2011-06-23,55,Conroe Relocated C78/A321
11,2011,6,24,2011-06-24,40,Conroe Relocated C78/A321
7,2011,6,25,2011-06-25,41,Conroe Relocated C78/A321
6,2011,6,26,2011-06-26,36,Conroe Relocated C78/A321
6,2011,6,27,2011-06-27,46,Conroe Relocated C78/A321
9,2011,6,28,2011-06-28,59,Northwest Harris Co. C26/A110/X154
9,2011,6,29,2011-06-29,68,Northwest Harris Co. C26/A110/X154
5,2011,6,30,2011-06-30,74,Northwest Harris Co. C26/A110/X154
5,2011,7,1,2011-07-01,51,Conroe Relocated C78/A321
5,2011,7,2,2011-07-02,58,Wallisville Road C617
9,2011,7,3,2011-07-03,57,Wallisville Road C617
5,2011,7,4,2011-07-04,59,Wallisville Road C617
10,2011,7,5,2011-07-05,82,Houston Aldine C8/AF108/X150
9,2011,7,6,2011-07-06,61,Houston Bayland Park C53/A146
14,2011,7,7,2011-07-07,58,Wallisville Road C617
11,2011,7,8,2011-07-08,46,Houston Aldine C8/AF108/X150
6,2011,7,9,2011-07-09,47,Conroe Relocated C78/A321
1,2011,7,10,2011-07-10,41,Conroe Relocated C78/A321
4,2011,7,11,2011-07-11,54,Northwest Harris Co. C26/A110/X154
4,2011,7,12,2011-07-12,37,Conroe Relocated C78/A321
4,2011,7,13,2011-07-13,42,Conroe Relocated C78/A321
1,2011,7,14,2011-07-14,36,Conroe Relocated C78/A321
6,2011,7,15,2011-07-15,27,Conroe Relocated C78/A321
6,2011,7,16,2011-07-16,39,Wallisville Road C617
5,2011,7,17,2011-07-17,49,Conroe Relocated C78/A321
8,2011,7,18,2011-07-18,52,Wallisville Road C617
12,2011,7,19,2011-07-19,41,Wallisville Road C617
9,2011,7,20,2011-07-20,45,Conroe Relocated C78/A321
4,2011,7,21,2011-07-21,48,Conroe Relocated C78/A321
0,2011,7,22,2011-07-22,33,Conroe Relocated C78/A321
0,2011,7,23,2011-07-23,37,Conroe Relocated C78/A321
12,2011,7,24,2011-07-24,35,Houston Aldine C8/AF108/X150
12,2011,7,25,2011-07-25,42,Wallisville Road C617
13,2011,7,26,2011-07-26,45,Houston Aldine C8/AF108/X150
6,2011,7,27,2011-07-27,41,Conroe Relocated C78/A321
5,2011,7,28,2011-07-28,40,Northwest Harris Co. C26/A110/X154
4,2011,7,29,2011-07-29,32,Northwest Harris Co. C26/A110/X154
8,2011,7,30,2011-07-30,45,Northwest Harris Co. C26/A110/X154
8,2011,7,31,2011-07-31,70,Houston East C1/G316
12,2011,8,1,2011-08-01,76,Wallisville Road C617
12,2011,8,2,2011-08-02,64,Northwest Harris Co. C26/A110/X154
13,2011,8,3,2011-08-03,56,Conroe Relocated C78/A321
9,2011,8,4,2011-08-04,51,Conroe Relocated C78/A321
8,2011,8,5,2011-08-05,48,Conroe Relocated C78/A321
8,2011,8,6,2011-08-06,49,Conroe Relocated C78/A321
8,2011,8,7,2011-08-07,33,Conroe Relocated C78/A321
15,2011,8,8,2011-08-08,36,Conroe Relocated C78/A321
15,2011,8,9,2011-08-09,34,Conroe Relocated C78/A321
11,2011,8,10,2011-08-10,44,Conroe Relocated C78/A321
11,2011,8,11,2011-08-11,45,Conroe Relocated C78/A321
15,2011,8,12,2011-08-12,49,Conroe Relocated C78/A321
15,2011,8,13,2011-08-13,34,Conroe Relocated C78/A321
14,2011,8,14,2011-08-14,49,Wallisville Road C617
15,2011,8,15,2011-08-15,60,Conroe Relocated C78/A321
15,2011,8,16,2011-08-16,63,Conroe Relocated C78/A321
12,2011,8,17,2011-08-17,72,Conroe Relocated C78/A321
12,2011,8,18,2011-08-18,72,Wallisville Road C617
13,2011,8,19,2011-08-19,89,Wallisville Road C617
10,2011,8,20,2011-08-20,71,Northwest Harris Co. C26/A110/X154
9,2011,8,21,2011-08-21,48,Houston East C1/G316
12,2011,8,22,2011-08-22,66,Conroe Relocated C78/A321
13,2011,8,23,2011-08-23,66,Conroe Relocated C78/A321
14,2011,8,24,2011-08-24,63,Houston Aldine C8/AF108/X150
10,2011,8,25,2011-08-25,63,Wallisville Road C617
14,2011,8,26,2011-08-26,100,Houston Aldine C8/AF108/X150
13,2011,8,27,2011-08-27,88,Manvel Croix Park C84
14,2011,8,28,2011-08-28,101,Houston Croquet C409
11,2011,8,29,2011-08-29,99,Houston Bayland Park C53/A146
11,2011,8,30,2011-08-30,100,Northwest Harris Co. C26/A110/X154
6,2011,8,31,2011-08-31,83,Northwest Harris Co. C26/A110/X154
5,2011,9,1,2011-09-01,58,Houston Croquet C409
5,2011,9,2,2011-09-02,48,Manvel Croix Park C84
6,2011,9,3,2011-09-03,43,Lake Jackson C1016
7,2011,9,4,2011-09-04,47,Northwest Harris Co. C26/A110/X154
7,2011,9,5,2011-09-05,63,Manvel Croix Park C84
7,2011,9,6,2011-09-06,89,Manvel Croix Park C84
11,2011,9,7,2011-09-07,80,Manvel Croix Park C84
14,2011,9,8,2011-09-08,108,Manvel Croix Park C84
11,2011,9,9,2011-09-09,91,Wallisville Road C617
7,2011,9,10,2011-09-10,84,Wallisville Road C617
15,2011,9,11,2011-09-11,83,Wallisville Road C617
12,2011,9,12,2011-09-12,82,Wallisville Road C617
12,2011,9,13,2011-09-13,63,Northwest Harris Co. C26/A110/X154
13,2011,9,14,2011-09-14,71,Conroe Relocated C78/A321
11,2011,9,15,2011-09-15,85,Houston Aldine C8/AF108/X150
1,2011,9,16,2011-09-16,70,Northwest Harris Co. C26/A110/X154
0,2011,9,17,2011-09-17,56,Wallisville Road C617
0,2011,9,18,2011-09-18,41,Conroe Relocated C78/A321
15,2011,9,19,2011-09-19,72,Wallisville Road C617
15,2011,9,20,2011-09-20,80,HRM-3 Haden Road C603/A114
11,2011,9,21,2011-09-21,84,Manvel Croix Park C84
15,2011,9,22,2011-09-22,85,Manvel Croix Park C84
15,2011,9,23,2011-09-23,78,Manvel Croix Park C84
15,2011,9,24,2011-09-24,92,Wallisville Road C617
11,2011,9,25,2011-09-25,53,Galveston 99th St. C1034/A320/X183
7,2011,9,26,2011-09-26,44,Houston Aldine C8/AF108/X150
11,2011,9,27,2011-09-27,40,Houston Aldine C8/AF108/X150
11,2011,9,28,2011-09-28,45,Houston East C1/G316
11,2011,9,29,2011-09-29,51,Wallisville Road C617
11,2011,9,30,2011-09-30,75,Manvel Croix Park C84
7,2012,6,1,2012-06-01,104,Houston Bayland Park C53/A146
7,2012,6,2,2012-06-02,60,Galveston 99th St. C1034/A320/X183
7,2012,6,3,2012-06-03,41,Conroe Relocated C78/A321
6,2012,6,4,2012-06-04,51,Conroe Relocated C78/A321
7,2012,6,5,2012-06-05,69,Lang C408
7,2012,6,6,2012-06-06,75,Northwest Harris Co. C26/A110/X154
3,2012,6,7,2012-06-07,85,Houston Monroe C406
7,2012,6,8,2012-06-08,63,Houston Westhollow C410/C3003
7,2012,6,9,2012-06-09,76,Houston Croquet C409
3,2012,6,10,2012-06-10,51,Conroe Relocated C78/A321
2,2012,6,11,2012-06-11,40,Conroe Relocated C78/A321
12,2012,6,12,2012-06-12,38,Conroe Relocated C78/A321
13,2012,6,13,2012-06-13,50,Conroe Relocated C78/A321
2,2012,6,14,2012-06-14,46,Conroe Relocated C78/A321
1,2012,6,15,2012-06-15,47,Conroe Relocated C78/A321
1,2012,6,16,2012-06-16,48,Seabrook Friendship Park C45
5,2012,6,17,2012-06-17,68,Houston Westhollow C410/C3003
7,2012,6,18,2012-06-18,54,Northwest Harris Co. C26/A110/X154
3,2012,6,19,2012-06-19,33,Seabrook Friendship Park C45
3,2012,6,20,2012-06-20,40,Houston Aldine C8/AF108/X150
2,2012,6,21,2012-06-21,64,Manvel Croix Park C84
11,2012,6,22,2012-06-22,68,Manvel Croix Park C84
7,2012,6,23,2012-06-23,67,Manvel Croix Park C84
6,2012,6,24,2012-06-24,71,Manvel Croix Park C84
14,2012,6,25,2012-06-25,94,Manvel Croix Park C84
11,2012,6,26,2012-06-26,136,Manvel Croix Park C84
11,2012,6,27,2012-06-27,99,Northwest Harris Co. C26/A110/X154
8,2012,6,28,2012-06-28,70,Conroe Relocated C78/A321
12,2012,6,29,2012-06-29,56,Conroe Relocated C78/A321
9,2012,6,30,2012-06-30,31,Manvel Croix Park C84
1,2012,7,1,2012-07-01,29,Conroe Relocated C78/A321
1,2012,7,2,2012-07-02,46,Conroe Relocated C78/A321
0,2012,7,3,2012-07-03,36,Conroe Relocated C78/A321
1,2012,7,4,2012-07-04,33,Conroe Relocated C78/A321
0,2012,7,5,2012-07-05,49,Conroe Relocated C78/A321
4,2012,7,6,2012-07-06,51,Wallisville Road C617
8,2012,7,7,2012-07-07,46,Houston Aldine C8/AF108/X150
8,2012,7,8,2012-07-08,30,Conroe Relocated C78/A321
13,2012,7,9,2012-07-09,28,Conroe Relocated C78/A321
14,2012,7,10,2012-07-10,34,Conroe Relocated C78/A321
10,2012,7,11,2012-07-11,25,Galveston 99th St. C1034/A320/X183
10,2012,7,12,2012-07-12,27,Wallisville Road C617
9,2012,7,13,2012-07-13,40,Seabrook Friendship Park C45
13,2012,7,14,2012-07-14,49,Houston Aldine C8/AF108/X150
13,2012,7,15,2012-07-15,40,Houston Aldine C8/AF108/X150
4,2012,7,16,2012-07-16,45,Conroe Relocated C78/A321
0,2012,7,17,2012-07-17,43,Conroe Relocated C78/A321
5,2012,7,18,2012-07-18,50,Conroe Relocated C78/A321
8,2012,7,19,2012-07-19,33,Wallisville Road C617
12,2012,7,20,2012-07-20,51,Wallisville Road C617
12,2012,7,21,2012-07-21,48,Wallisville Road C617
12,2012,7,22,2012-07-22,37,Wallisville Road C617
12,2012,7,23,2012-07-23,37,Conroe Relocated C78/A321
12,2012,7,24,2012-07-24,40,Conroe Relocated C78/A321
12,2012,7,25,2012-07-25,32,Conroe Relocated C78/A321
0,2012,7,26,2012-07-26,28,Conroe Relocated C78/A321
15,2012,7,27,2012-07-27,42,Conroe Relocated C78/A321
12,2012,7,28,2012-07-28,59,Houston East C1/G316
12,2012,7,29,2012-07-29,51,Wallisville Road C617
12,2012,7,30,2012-07-30,46,Wallisville Road C617
12,2012,7,31,2012-07-31,42,Wallisville Road C617
12,2012,8,1,2012-08-01,50,Houston Aldine C8/AF108/X150
12,2012,8,2,2012-08-02,48,Conroe Relocated C78/A321
14,2012,8,3,2012-08-03,48,Conroe Relocated C78/A321
5,2012,8,4,2012-08-04,43,Conroe Relocated C78/A321
8,2012,8,5,2012-08-05,35,Northwest Harris Co. C26/A110/X154
12,2012,8,6,2012-08-06,81,Galveston 99th St. C1034/A320/X183
12,2012,8,7,2012-08-07,89,HRM-3 Haden Road C603/A114
13,2012,8,8,2012-08-08,59,Channelview C15/AH115
13,2012,8,9,2012-08-09,45,Wallisville Road C617
15,2012,8,10,2012-08-10,43,Wallisville Road C617
15,2012,8,11,2012-08-11,48,Houston East C1/G316
15,2012,8,12,2012-08-12,39,Conroe Relocated C78/A321
14,2012,8,13,2012-08-13,41,Wallisville Road C617
13,2012,8,14,2012-08-14,37,Houston Aldine C8/AF108/X150
15,2012,8,15,2012-08-15,35,Conroe Relocated C78/A321
1,2012,8,16,2012-08-16,43,Conroe Relocated C78/A321
13,2012,8,17,2012-08-17,40,Wallisville Road C617
15,2012,8,18,2012-08-18,27,Wallisville Road C617
7,2012,8,19,2012-08-19,53,Hou.DeerPrk2 C35/235/1001/AFH139FP239
11,2012,8,20,2012-08-20,89,Seabrook Friendship Park C45
11,2012,8,21,2012-08-21,80,Manvel Croix Park C84
15,2012,8,22,2012-08-22,68,Houston Bayland Park C53/A146
14,2012,8,23,2012-08-23,46,Houston Westhollow C410/C3003
0,2012,8,24,2012-08-24,37,Conroe Relocated C78/A321
2,2012,8,25,2012-08-25,29,Conroe Relocated C78/A321
2,2012,8,26,2012-08-26,44,Houston Aldine C8/AF108/X150
10,2012,8,27,2012-08-27,74,Manvel Croix Park C84
14,2012,8,28,2012-08-28,71,Lake Jackson C1016
11,2012,8,29,2012-08-29,56,Manvel Croix Park C84
7,2012,8,30,2012-08-30,62,Seabrook Friendship Park C45
6,2012,8,31,2012-08-31,47,Conroe Relocated C78/A321
8,2012,9,1,2012-09-01,27,Conroe Relocated C78/A321
12,2012,9,2,2012-09-02,30,Houston Aldine C8/AF108/X150
12,2012,9,3,2012-09-03,33,Conroe Relocated C78/A321
12,2012,9,4,2012-09-04,38,Houston Aldine C8/AF108/X150
14,2012,9,5,2012-09-05,40,Conroe Relocated C78/A321
15,2012,9,6,2012-09-06,55,Wallisville Road C617
14,2012,9,7,2012-09-07,59,Conroe Relocated C78/A321
11,2012,9,8,2012-09-08,55,Manvel Croix Park C84
15,2012,9,9,2012-09-09,63,Manvel Croix Park C84
14,2012,9,10,2012-09-10,77,Houston Croquet C409
13,2012,9,11,2012-09-11,80,Northwest Harris Co. C26/A110/X154
0,2012,9,12,2012-09-12,48,Conroe Relocated C78/A321
0,2012,9,13,2012-09-13,28,Conroe Relocated C78/A321
13,2012,9,14,2012-09-14,40,Seabrook Friendship Park C45
13,2012,9,15,2012-09-15,61,Manvel Croix Park C84
14,2012,9,16,2012-09-16,65,Houston East C1/G316
11,2012,9,17,2012-09-17,57,Galveston 99th St. C1034/A320/X183
7,2012,9,18,2012-09-18,59,Manvel Croix Park C84
11,2012,9,19,2012-09-19,71,Manvel Croix Park C84
15,2012,9,20,2012-09-20,87,Manvel Croix Park C84
11,2012,9,21,2012-09-21,81,Northwest Harris Co. C26/A110/X154
11,2012,9,22,2012-09-22,78,Houston Westhollow C410/C3003
13,2012,9,23,2012-09-23,79,Lang C408
12,2012,9,24,2012-09-24,84,Conroe Relocated C78/A321
0,2012,9,25,2012-09-25,64,Conroe Relocated C78/A321
2,2012,9,26,2012-09-26,68,Conroe Relocated C78/A321
1,2012,9,27,2012-09-27,68,Northwest Harris Co. C26/A110/X154
1,2012,9,28,2012-09-28,32,Lang C408
2,2012,9,29,2012-09-29,21,Galveston 99th St. C1034/A320/X183
7,2012,9,30,2012-09-30,43,Manvel Croix Park C84
3,2013,6,1,2013-06-01,33,Conroe Relocated C78/A321
7,2013,6,2,2013-06-02,45,Galveston 99th St. C1034/A320/X183
7,2013,6,3,2013-06-03,86,Manvel Croix Park C84
7,2013,6,4,2013-06-04,81,Houston Aldine C8/AF108/X150
7,2013,6,5,2013-06-05,58,Lang C408
7,2013,6,6,2013-06-06,43,Lang C408
7,2013,6,7,2013-06-07,69,Manvel Croix Park C84
7,2013,6,8,2013-06-08,69,Conroe Relocated C78/A321
3,2013,6,9,2013-06-09,30,Park Place C416
11,2013,6,10,2013-06-10,64,Conroe Relocated C78/A321
15,2013,6,11,2013-06-11,28,Conroe Relocated C78/A321
4,2013,6,12,2013-06-12,43,Conroe Relocated C78/A321
12,2013,6,13,2013-06-13,51,Wallisville Road C617
9,2013,6,14,2013-06-14,64,Houston Aldine C8/AF108/X150
1,2013,6,15,2013-06-15,50,Conroe Relocated C78/A321
0,2013,6,16,2013-06-16,28,Conroe Relocated C78/A321
13,2013,6,17,2013-06-17,37,Conroe Relocated C78/A321
15,2013,6,18,2013-06-18,38,Wallisville Road C617
15,2013,6,19,2013-06-19,42,Conroe Relocated C78/A321
1,2013,6,20,2013-06-20,44,Conroe Relocated C78/A321
0,2013,6,21,2013-06-21,51,Conroe Relocated C78/A321
0,2013,6,22,2013-06-22,47,Conroe Relocated C78/A321
0,2013,6,23,2013-06-23,42,Conroe Relocated C78/A321
0,2013,6,24,2013-06-24,46,Conroe Relocated C78/A321
0,2013,6,25,2013-06-25,41,Conroe Relocated C78/A321
8,2013,6,26,2013-06-26,55,Conroe Relocated C78/A321
12,2013,6,27,2013-06-27,52,Houston Aldine C8/AF108/X150
12,2013,6,28,2013-06-28,62,Houston East C1/G316
15,2013,6,29,2013-06-29,64,Manvel Croix Park C84
11,2013,6,30,2013-06-30,67,Manvel Croix Park C84
11,2013,7,1,2013-07-01,71,Lake Jackson C1016
11,2013,7,2,2013-07-02,84,Manvel Croix Park C84
15,2013,7,3,2013-07-03,88,Lang C408
6,2013,7,4,2013-07-04,86,Manvel Croix Park C84
6,2013,7,5,2013-07-05,82,Houston Bayland Park C53/A146
2,2013,7,6,2013-07-06,59,Lang C408
2,2013,7,7,2013-07-07,38,Conroe Relocated C78/A321
4,2013,7,8,2013-07-08,45,Conroe Relocated C78/A321
12,2013,7,9,2013-07-09,59,Conroe Relocated C78/A321
12,2013,7,10,2013-07-10,55,Conroe Relocated C78/A321
12,2013,7,11,2013-07-11,50,Houston Aldine C8/AF108/X150
14,2013,7,12,2013-07-12,69,HRM-3 Haden Road C603/A114
10,2013,7,13,2013-07-13,73,Seabrook Friendship Park C45
14,2013,7,14,2013-07-14,48,Conroe Relocated C78/A321
10,2013,7,15,2013-07-15,36,Wallisville Road C617
1,2013,7,16,2013-07-16,37,Lang C408
8,2013,7,17,2013-07-17,31,Galveston 99th St. C1034/A320/X183
12,2013,7,18,2013-07-18,50,Lang C408
8,2013,7,19,2013-07-19,39,Conroe Relocated C78/A321
5,2013,7,20,2013-07-20,41,Houston Aldine C8/AF108/X150
2,2013,7,21,2013-07-21,29,Conroe Relocated C78/A321
0,2013,7,22,2013-07-22,31,Conroe Relocated C78/A321
8,2013,7,23,2013-07-23,29,Conroe Relocated C78/A321
13,2013,7,24,2013-07-24,40,Wallisville Road C617
13,2013,7,25,2013-07-25,67,HRM-3 Haden Road C603/A114
12,2013,7,26,2013-07-26,36,Conroe Relocated C78/A321
12,2013,7,27,2013-07-27,41,Wallisville Road C617
15,2013,7,28,2013-07-28,38,Conroe Relocated C78/A321
0,2013,7,29,2013-07-29,42,Conroe Relocated C78/A321
12,2013,7,30,2013-07-30,46,Conroe Relocated C78/A321
12,2013,7,31,2013-07-31,47,Wallisville Road C617
12,2013,8,1,2013-08-01,68,Hou.DeerPrk2 C35/235/1001/AFH139FP239
12,2013,8,2,2013-08-02,64,Conroe Relocated C78/A321
12,2013,8,3,2013-08-03,45,Conroe Relocated C78/A321
12,2013,8,4,2013-08-04,38,Conroe Relocated C78/A321
12,2013,8,5,2013-08-05,40,Conroe Relocated C78/A321
12,2013,8,6,2013-08-06,34,Conroe Relocated C78/A321
12,2013,8,7,2013-08-07,39,Conroe Relocated C78/A321
13,2013,8,8,2013-08-08,53,Conroe Relocated C78/A321
15,2013,8,9,2013-08-09,73,Conroe Relocated C78/A321
13,2013,8,10,2013-08-10,52,Northwest Harris Co. C26/A110/X154
12,2013,8,11,2013-08-11,42,Conroe Relocated C78/A321
12,2013,8,12,2013-08-12,46,Conroe Relocated C78/A321
12,2013,8,13,2013-08-13,41,Wallisville Road C617
13,2013,8,14,2013-08-14,50,HRM-3 Haden Road C603/A114
14,2013,8,15,2013-08-15,58,Manvel Croix Park C84
14,2013,8,16,2013-08-16,94,Manvel Croix Park C84
14,2013,8,17,2013-08-17,68,Manvel Croix Park C84
14,2013,8,18,2013-08-18,64,Manvel Croix Park C84
13,2013,8,19,2013-08-19,78,Houston Westhollow C410/C3003
14,2013,8,20,2013-08-20,51,Conroe Relocated C78/A321
9,2013,8,21,2013-08-21,51,Houston Croquet C409
8,2013,8,22,2013-08-22,48,Lang C408
9,2013,8,23,2013-08-23,65,Houston Croquet C409
5,2013,8,24,2013-08-24,53,Manvel Croix Park C84
8,2013,8,25,2013-08-25,34,Conroe Relocated C78/A321
12,2013,8,26,2013-08-26,29,Galveston 99th St. C1034/A320/X183
8,2013,8,27,2013-08-27,46,Lang C408
4,2013,8,28,2013-08-28,83,Northwest Harris Co. C26/A110/X154
12,2013,8,29,2013-08-29,78,Seabrook Friendship Park C45
12,2013,8,30,2013-08-30,78,Wallisville Road C617
13,2013,8,31,2013-08-31,76,Conroe Relocated C78/A321
15,2013,9,1,2013-09-01,48,Wallisville Road C617
10,2013,9,2,2013-09-02,39,Conroe Relocated C78/A321
10,2013,9,3,2013-09-03,55,HRM-3 Haden Road C603/A114
14,2013,9,4,2013-09-04,62,Northwest Harris Co. C26/A110/X154
12,2013,9,5,2013-09-05,49,Conroe Relocated C78/A321
12,2013,9,6,2013-09-06,43,Conroe Relocated C78/A321
9,2013,9,7,2013-09-07,31,Houston Westhollow C410/C3003
5,2013,9,8,2013-09-08,43,Northwest Harris Co. C26/A110/X154
2,2013,9,9,2013-09-09,46,Conroe Relocated C78/A321
2,2013,9,10,2013-09-10,46,Northwest Harris Co. C26/A110/X154
5,2013,9,11,2013-09-11,51,Houston Aldine C8/AF108/X150
5,2013,9,12,2013-09-12,58,Houston Croquet C409
6,2013,9,13,2013-09-13,66,Houston Bayland Park C53/A146
3,2013,9,14,2013-09-14,64,Houston Westhollow C410/C3003
3,2013,9,15,2013-09-15,35,Conroe Relocated C78/A321
6,2013,9,16,2013-09-16,35,Houston Westhollow C410/C3003
5,2013,9,17,2013-09-17,41,Conroe Relocated C78/A321
2,2013,9,18,2013-09-18,47,Northwest Harris Co. C26/A110/X154
3,2013,9,19,2013-09-19,26,Conroe Relocated C78/A321
3,2013,9,20,2013-09-20,19,Conroe Relocated C78/A321
7,2013,9,21,2013-09-21,36,Conroe Relocated C78/A321
7,2013,9,22,2013-09-22,43,Manvel Croix Park C84
3,2013,9,23,2013-09-23,65,Houston Croquet C409
3,2013,9,24,2013-09-24,48,Manvel Croix Park C84
7,2013,9,25,2013-09-25,104,Seabrook Friendship Park C45
3,2013,9,26,2013-09-26,85,Conroe Relocated C78/A321
3,2013,9,27,2013-09-27,63,Wallisville Road C617
3,2013,9,28,2013-09-28,55,Wallisville Road C617
10,2013,9,29,2013-09-29,38,Galveston 99th St. C1034/A320/X183
11,2013,9,30,2013-09-30,39,Conroe Relocated C78/A321
7,2014,6,1,2014-06-01,41,Lang C408
3,2014,6,2,2014-06-02,37,Northwest Harris Co. C26/A110/X154
10,2014,6,3,2014-06-03,34,Northwest Harris Co. C26/A110/X154
6,2014,6,4,2014-06-04,56,Conroe Relocated C78/A321
7,2014,6,5,2014-06-05,37,Conroe Relocated C78/A321
3,2014,6,6,2014-06-06,47,Conroe Relocated C78/A321
3,2014,6,7,2014-06-07,44,Conroe Relocated C78/A321
3,2014,6,8,2014-06-08,27,Conroe Relocated C78/A321
3,2014,6,9,2014-06-09,26,Conroe Relocated C78/A321
3,2014,6,10,2014-06-10,63,Wallisville Road C617
7,2014,6,11,2014-06-11,78,Wallisville Road C617
7,2014,6,12,2014-06-12,40,Conroe Relocated C78/A321
11,2014,6,13,2014-06-13,53,Lang C408
7,2014,6,14,2014-06-14,54,Conroe Relocated C78/A321
3,2014,6,15,2014-06-15,37,Conroe Relocated C78/A321
1,2014,6,16,2014-06-16,36,Conroe Relocated C78/A321
0,2014,6,17,2014-06-17,40,Conroe Relocated C78/A321
0,2014,6,18,2014-06-18,29,Conroe Relocated C78/A321
0,2014,6,19,2014-06-19,46,Conroe Relocated C78/A321
0,2014,6,20,2014-06-20,56,Conroe Relocated C78/A321
0,2014,6,21,2014-06-21,41,Conroe Relocated C78/A321
2,2014,6,22,2014-06-22,24,Conroe Relocated C78/A321
2,2014,6,23,2014-06-23,30,Conroe Relocated C78/A321
15,2014,6,24,2014-06-24,28,Conroe Relocated C78/A321
0,2014,6,25,2014-06-25,25,Conroe Relocated C78/A321
0,2014,6,26,2014-06-26,27,Galveston 99th St. C1034/A320/X183
2,2014,6,27,2014-06-27,31,Conroe Relocated C78/A321
2,2014,6,28,2014-06-28,21,Conroe Relocated C78/A321
0,2014,6,29,2014-06-29,26,Conroe Relocated C78/A321
12,2014,6,30,2014-06-30,39,Conroe Relocated C78/A321
0,2014,7,1,2014-07-01,48,Conroe Relocated C78/A321
5,2014,7,2,2014-07-02,53,Wallisville Road C617
9,2014,7,3,2014-07-03,63,Galveston 99th St. C1034/A320/X183
12,2014,7,4,2014-07-04,65,Houston Croquet C409
12,2014,7,5,2014-07-05,57,Galveston 99th St. C1034/A320/X183
12,2014,7,6,2014-07-06,59,Conroe Relocated C78/A321
13,2014,7,7,2014-07-07,45,Conroe Relocated C78/A321
0,2014,7,8,2014-07-08,34,Conroe Relocated C78/A321
12,2014,7,9,2014-07-09,55,Conroe Relocated C78/A321
4,2014,7,10,2014-07-10,42,Conroe Relocated C78/A321
0,2014,7,11,2014-07-11,65,Conroe Relocated C78/A321
12,2014,7,12,2014-07-12,66,Houston Aldine C8/AF108/X150
12,2014,7,13,2014-07-13,67,Wallisville Road C617
12,2014,7,14,2014-07-14,54,Wallisville Road C617
13,2014,7,15,2014-07-15,44,Seabrook Friendship Park C45
15,2014,7,16,2014-07-16,61,Wallisville Road C617
11,2014,7,17,2014-07-17,27,Conroe Relocated C78/A321
15,2014,7,18,2014-07-18,32,Houston Aldine C8/AF108/X150
15,2014,7,19,2014-07-19,58,Galveston 99th St. C1034/A320/X183
12,2014,7,20,2014-07-20,61,Park Place C416
12,2014,7,21,2014-07-21,58,Conroe Relocated C78/A321
12,2014,7,22,2014-07-22,58,Wallisville Road C617
12,2014,7,23,2014-07-23,65,Houston East C1/G316
12,2014,7,24,2014-07-24,75,Houston East C1/G316
13,2014,7,25,2014-07-25,66,Wallisville Road C617
12,2014,7,26,2014-07-26,34,Conroe Relocated C78/A321
12,2014,7,27,2014-07-27,33,Conroe Relocated C78/A321
12,2014,7,28,2014-07-28,54,Houston East C1/G316
12,2014,7,29,2014-07-29,48,Galveston 99th St. C1034/A320/X183
12,2014,7,30,2014-07-30,72,Conroe Relocated C78/A321
13,2014,7,31,2014-07-31,36,Conroe Relocated C78/A321
13,2014,8,1,2014-08-01,51,Wallisville Road C617
14,2014,8,2,2014-08-02,47,Galveston 99th St. C1034/A320/X183
13,2014,8,3,2014-08-03,54,Galveston 99th St. C1034/A320/X183
13,2014,8,4,2014-08-04,56,Houston Westhollow C410/C3003
13,2014,8,5,2014-08-05,52,Northwest Harris Co. C26/A110/X154
12,2014,8,6,2014-08-06,73,Conroe Relocated C78/A321
12,2014,8,7,2014-08-07,47,Conroe Relocated C78/A321
15,2014,8,8,2014-08-08,49,Conroe Relocated C78/A321
4,2014,8,9,2014-08-09,33,Conroe Relocated C78/A321
8,2014,8,10,2014-08-10,40,Wallisville Road C617
13,2014,8,11,2014-08-11,52,Wallisville Road C617
13,2014,8,12,2014-08-12,76,Galveston 99th St. C1034/A320/X183
13,2014,8,13,2014-08-13,82,Manvel Croix Park C84
13,2014,8,14,2014-08-14,76,Houston Westhollow C410/C3003
13,2014,8,15,2014-08-15,73,Conroe Relocated C78/A321
13,2014,8,16,2014-08-16,35,Conroe Relocated C78/A321
12,2014,8,17,2014-08-17,25,Wallisville Road C617
8,2014,8,18,2014-08-18,37,Conroe Relocated C78/A321
15,2014,8,19,2014-08-19,29,Conroe Relocated C78/A321
2,2014,8,20,2014-08-20,34,Conroe Relocated C78/A321
0,2014,8,21,2014-08-21,37,Conroe Relocated C78/A321
12,2014,8,22,2014-08-22,63,Conroe Relocated C78/A321
8,2014,8,23,2014-08-23,55,Conroe Relocated C78/A321
0,2014,8,24,2014-08-24,63,Channelview C15/AH115
5,2014,8,25,2014-08-25,76,Manvel Croix Park C84
9,2014,8,26,2014-08-26,62,Manvel Croix Park C84
13,2014,8,27,2014-08-27,53,Houston Croquet C409
13,2014,8,28,2014-08-28,47,Northwest Harris Co. C26/A110/X154
10,2014,8,29,2014-08-29,51,Galveston 99th St. C1034/A320/X183
6,2014,8,30,2014-08-30,53,Conroe Relocated C78/A321
0,2014,8,31,2014-08-31,32,Conroe Relocated C78/A321
0,2014,9,1,2014-09-01,42,Conroe Relocated C78/A321
1,2014,9,2,2014-09-02,41,Conroe Relocated C78/A321
1,2014,9,3,2014-09-03,39,Northwest Harris Co. C26/A110/X154
1,2014,9,4,2014-09-04,44,Conroe Relocated C78/A321
0,2014,9,5,2014-09-05,43,Northwest Harris Co. C26/A110/X154
4,2014,9,6,2014-09-06,44,Channelview C15/AH115
9,2014,9,7,2014-09-07,39,Galveston 99th St. C1034/A320/X183
10,2014,9,8,2014-09-08,74,Houston Bayland Park C53/A146
0,2014,9,9,2014-09-09,67,Conroe Relocated C78/A321
2,2014,9,10,2014-09-10,36,Conroe Relocated C78/A321
6,2014,9,11,2014-09-11,51,Conroe Relocated C78/A321
6,2014,9,12,2014-09-12,32,Galveston 99th St. C1034/A320/X183
6,2014,9,13,2014-09-13,22,Lake Jackson C1016
5,2014,9,14,2014-09-14,34,Lake Jackson C1016
4,2014,9,15,2014-09-15,52,Houston Croquet C409
8,2014,9,16,2014-09-16,35,Northwest Harris Co. C26/A110/X154
15,2014,9,17,2014-09-17,26,Conroe Relocated C78/A321
7,2014,9,18,2014-09-18,22,Galveston 99th St. C1034/A320/X183
3,2014,9,19,2014-09-19,40,Galveston 99th St. C1034/A320/X183
3,2014,9,20,2014-09-20,50,Houston Westhollow C410/C3003
11,2014,9,21,2014-09-21,59,Houston Bayland Park C53/A146
15,2014,9,22,2014-09-22,58,Lake Jackson C1016
14,2014,9,23,2014-09-23,58,Manvel Croix Park C84
14,2014,9,24,2014-09-24,62,Houston Bayland Park C53/A146
9,2014,9,25,2014-09-25,47,Galveston 99th St. C1034/A320/X183
9,2014,9,26,2014-09-26,60,Houston Westhollow C410/C3003
6,2014,9,27,2014-09-27,47,Houston Bayland Park C53/A146
3,2014,9,28,2014-09-28,42,Houston Westhollow C410/C3003
6,2014,9,29,2014-09-29,45,Lake Jackson C1016
3,2014,9,30,2014-09-30,59,Northwest Harris Co. C26/A110/X154
11,2015,6,1,2015-06-01,85,Manvel Croix Park C84
15,2015,6,2,2015-06-02,92,Seabrook Friendship Park C45
11,2015,6,3,2015-06-03,108,Houston Aldine C8/AF108/X150
7,2015,6,4,2015-06-04,91,Northwest Harris Co. C26/A110/X154
6,2015,6,5,2015-06-05,72,Houston Westhollow C410/C3003
10,2015,6,6,2015-06-06,92,Galveston 99th St. C1034/A320/X183
6,2015,6,7,2015-06-07,86,Houston Aldine C8/AF108/X150
6,2015,6,8,2015-06-08,68,Houston Aldine C8/AF108/X150
11,2015,6,9,2015-06-09,67,Houston Aldine C8/AF108/X150
7,2015,6,10,2015-06-10,70,Conroe Relocated C78/A321
3,2015,6,11,2015-06-11,51,Conroe Relocated C78/A321
3,2015,6,12,2015-06-12,40,Houston Aldine C8/AF108/X150
3,2015,6,13,2015-06-13,34,Conroe Relocated C78/A321
3,2015,6,14,2015-06-14,28,Houston Aldine C8/AF108/X150
3,2015,6,15,2015-06-15,27,Houston Westhollow C410/C3003
1,2015,6,16,2015-06-16,25,Galveston 99th St. C1034/A320/X183
0,2015,6,17,2015-06-17,24,Conroe Relocated C78/A321
1,2015,6,18,2015-06-18,20,Galveston 99th St. C1034/A320/X183
15,2015,6,19,2015-06-19,33,Houston Aldine C8/AF108/X150
0,2015,6,20,2015-06-20,26,Houston Aldine C8/AF108/X150
0,2015,6,21,2015-06-21,36,Conroe Relocated C78/A321
12,2015,6,22,2015-06-22,52,Conroe Relocated C78/A321
12,2015,6,23,2015-06-23,55,Northwest Harris Co. C26/A110/X154
12,2015,6,24,2015-06-24,73,Houston Aldine C8/AF108/X150
12,2015,6,25,2015-06-25,55,Houston Aldine C8/AF108/X150
12,2015,6,26,2015-06-26,32,Houston Aldine C8/AF108/X150
13,2015,6,27,2015-06-27,34,Houston Aldine C8/AF108/X150
15,2015,6,28,2015-06-28,37,Conroe Relocated C78/A321
15,2015,6,29,2015-06-29,26,Conroe Relocated C78/A321
15,2015,6,30,2015-06-30,32,Galveston 99th St. C1034/A320/X183
4,2015,7,1,2015-07-01,29,Conroe Relocated C78/A321
4,2015,7,2,2015-07-02,41,Conroe Relocated C78/A321
15,2015,7,3,2015-07-03,34,Conroe Relocated C78/A321
15,2015,7,4,2015-07-04,26,Conroe Relocated C78/A321
0,2015,7,5,2015-07-05,29,Conroe Relocated C78/A321
0,2015,7,6,2015-07-06,37,Conroe Relocated C78/A321
12,2015,7,7,2015-07-07,33,Conroe Relocated C78/A321
0,2015,7,8,2015-07-08,38,Conroe Relocated C78/A321
0,2015,7,9,2015-07-09,47,Conroe Relocated C78/A321
0,2015,7,10,2015-07-10,61,Conroe Relocated C78/A321
8,2015,7,11,2015-07-11,47,Conroe Relocated C78/A321
12,2015,7,12,2015-07-12,36,Houston Aldine C8/AF108/X150
12,2015,7,13,2015-07-13,42,Houston Aldine C8/AF108/X150
14,2015,7,14,2015-07-14,48,Conroe Relocated C78/A321
10,2015,7,15,2015-07-15,63,Conroe Relocated C78/A321
4,2015,7,16,2015-07-16,56,Conroe Relocated C78/A321
4,2015,7,17,2015-07-17,42,Conroe Relocated C78/A321
0,2015,7,18,2015-07-18,42,Conroe Relocated C78/A321
12,2015,7,19,2015-07-19,43,Houston Aldine C8/AF108/X150
12,2015,7,20,2015-07-20,48,Conroe Relocated C78/A321
14,2015,7,21,2015-07-21,39,Houston Aldine C8/AF108/X150
1,2015,7,22,2015-07-22,39,Conroe Relocated C78/A321
0,2015,7,23,2015-07-23,40,Conroe Relocated C78/A321
12,2015,7,24,2015-07-24,54,Conroe Relocated C78/A321
12,2015,7,25,2015-07-25,48,Houston Aldine C8/AF108/X150
12,2015,7,26,2015-07-26,44,Houston Aldine C8/AF108/X150
13,2015,7,27,2015-07-27,59,Conroe Relocated C78/A321
0,2015,7,28,2015-07-28,65,Conroe Relocated C78/A321
12,2015,7,29,2015-07-29,69,Hou.DeerPrk2 C35/235/1001/AFH139FP239
12,2015,7,30,2015-07-30,71,Manvel Croix Park C84
12,2015,7,31,2015-07-31,76,Galveston 99th St. C1034/A320/X183
12,2015,8,1,2015-08-01,71,Manvel Croix Park C84
14,2015,8,2,2015-08-02,87,Manvel Croix Park C84
10,2015,8,3,2015-08-03,101,Houston East C1/G316
15,2015,8,4,2015-08-04,42,Conroe Relocated C78/A321
12,2015,8,5,2015-08-05,42,Conroe Relocated C78/A321
12,2015,8,6,2015-08-06,42,Houston Aldine C8/AF108/X150
13,2015,8,7,2015-08-07,53,Conroe Relocated C78/A321
0,2015,8,8,2015-08-08,45,Houston Aldine C8/AF108/X150
8,2015,8,9,2015-08-09,58,Houston Aldine C8/AF108/X150
12,2015,8,10,2015-08-10,85,Park Place C416
13,2015,8,11,2015-08-11,75,Galveston 99th St. C1034/A320/X183
12,2015,8,12,2015-08-12,102,Houston Aldine C8/AF108/X150
12,2015,8,13,2015-08-13,95,Houston Aldine C8/AF108/X150
12,2015,8,14,2015-08-14,73,Houston Westhollow C410/C3003
12,2015,8,15,2015-08-15,65,Houston Westhollow C410/C3003
13,2015,8,16,2015-08-16,71,HRM-3 Haden Road C603/A114
14,2015,8,17,2015-08-17,86,Houston Aldine C8/AF108/X150
0,2015,8,18,2015-08-18,42,Conroe Relocated C78/A321
3,2015,8,19,2015-08-19,33,Conroe Relocated C78/A321
7,2015,8,20,2015-08-20,40,Galveston 99th St. C1034/A320/X183
0,2015,8,21,2015-08-21,52,HRM-3 Haden Road C603/A114
0,2015,8,22,2015-08-22,32,Conroe Relocated C78/A321
0,2015,8,23,2015-08-23,42,Houston Aldine C8/AF108/X150
12,2015,8,24,2015-08-24,77,Park Place C416
12,2015,8,25,2015-08-25,56,Galveston 99th St. C1034/A320/X183
12,2015,8,26,2015-08-26,76,Houston Croquet C409
12,2015,8,27,2015-08-27,86,Manvel Croix Park C84
13,2015,8,28,2015-08-28,99,Park Place C416
14,2015,8,29,2015-08-29,105,Houston Aldine C8/AF108/X150
13,2015,8,30,2015-08-30,80,Houston Aldine C8/AF108/X150
14,2015,8,31,2015-08-31,46,Conroe Relocated C78/A321
4,2015,9,1,2015-09-01,44,Galveston 99th St. C1034/A320/X183
8,2015,9,2,2015-09-02,50,Lang C408
13,2015,9,3,2015-09-03,47,Lang C408
6,2015,9,4,2015-09-04,46,Conroe Relocated C78/A321
0,2015,9,5,2015-09-05,27,Conroe Relocated C78/A321
8,2015,9,6,2015-09-06,45,Wallisville Road C617
13,2015,9,7,2015-09-07,48,Houston Aldine C8/AF108/X150
14,2015,9,8,2015-09-08,67,Houston Aldine C8/AF108/X150
11,2015,9,9,2015-09-09,37,Galveston 99th St. C1034/A320/X183
11,2015,9,10,2015-09-10,32,Conroe Relocated C78/A321
11,2015,9,11,2015-09-11,29,Conroe Relocated C78/A321
11,2015,9,12,2015-09-12,53,Manvel Croix Park C84
11,2015,9,13,2015-09-13,59,Northwest Harris Co. C26/A110/X154
7,2015,9,14,2015-09-14,64,Northwest Harris Co. C26/A110/X154
0,2015,9,15,2015-09-15,39,Houston Aldine C8/AF108/X150
0,2015,9,16,2015-09-16,48,Northwest Harris Co. C26/A110/X154
8,2015,9,17,2015-09-17,59,Northwest Harris Co. C26/A110/X154
6,2015,9,18,2015-09-18,67,Conroe Relocated C78/A321
7,2015,9,19,2015-09-19,68,Houston Westhollow C410/C3003
7,2015,9,20,2015-09-20,71,HRM-3 Haden Road C603/A114
11,2015,9,21,2015-09-21,90,Houston Bayland Park C53/A146
11,2015,9,22,2015-09-22,71,Houston Croquet C409
10,2015,9,23,2015-09-23,76,Manvel Croix Park C84
6,2015,9,24,2015-09-24,66,Houston Westhollow C410/C3003
10,2015,9,25,2015-09-25,74,Galveston 99th St. C1034/A320/X183
11,2015,9,26,2015-09-26,82,Galveston 99th St. C1034/A320/X183
7,2015,9,27,2015-09-27,47,Galveston 99th St. C1034/A320/X183
7,2015,9,28,2015-09-28,34,Lake Jackson C1016
7,2015,9,29,2015-09-29,36,Houston Westhollow C410/C3003
7,2015,9,30,2015-09-30,49,Manvel Croix Park C84
3,2016,6,1,2016-06-01,30,Galveston 99th St. C1034/A320/X183
3,2016,6,2,2016-06-02,43,Conroe Relocated C78/A321
11,2016,6,3,2016-06-03,59,Galveston 99th St. C1034/A320/X183
11,2016,6,4,2016-06-04,50,Galveston 99th St. C1034/A320/X183
7,2016,6,5,2016-06-05,63,Galveston 99th St. C1034/A320/X183
7,2016,6,6,2016-06-06,69,Manvel Croix Park C84
7,2016,6,7,2016-06-07,67,Houston Croquet C409
7,2016,6,8,2016-06-08,78,Houston Westhollow C410/C3003
7,2016,6,9,2016-06-09,66,Galveston 99th St. C1034/A320/X183
2,2016,6,10,2016-06-10,55,Houston Aldine C8/AF108/X150
0,2016,6,11,2016-06-11,41,Conroe Relocated C78/A321
12,2016,6,12,2016-06-12,30,Conroe Relocated C78/A321
12,2016,6,13,2016-06-13,32,Conroe Relocated C78/A321
0,2016,6,14,2016-06-14,43,Conroe Relocated C78/A321
0,2016,6,15,2016-06-15,32,Houston Aldine C8/AF108/X150
0,2016,6,16,2016-06-16,54,Conroe Relocated C78/A321
12,2016,6,17,2016-06-17,58,Houston Aldine C8/AF108/X150
13,2016,6,18,2016-06-18,45,Wallisville Road C617
12,2016,6,19,2016-06-19,54,Houston Westhollow C410/C3003
12,2016,6,20,2016-06-20,43,Galveston 99th St. C1034/A320/X183
12,2016,6,21,2016-06-21,52,Houston Aldine C8/AF108/X150
12,2016,6,22,2016-06-22,58,Conroe Relocated C78/A321
12,2016,6,23,2016-06-23,64,Conroe Relocated C78/A321
12,2016,6,24,2016-06-24,52,Conroe Relocated C78/A321
8,2016,6,25,2016-06-25,41,Conroe Relocated C78/A321
8,2016,6,26,2016-06-26,43,Houston Aldine C8/AF108/X150
12,2016,6,27,2016-06-27,67,Houston East C1/G316
12,2016,6,28,2016-06-28,53,Galveston 99th St. C1034/A320/X183
13,2016,6,29,2016-06-29,61,Manvel Croix Park C84
13,2016,6,30,2016-06-30,69,Manvel Croix Park C84
14,2016,7,1,2016-07-01,67,Northwest Harris Co. C26/A110/X154
12,2016,7,2,2016-07-02,35,Conroe Relocated C78/A321
12,2016,7,3,2016-07-03,26,Conroe Relocated C78/A321
12,2016,7,4,2016-07-04,33,Conroe Relocated C78/A321
12,2016,7,5,2016-07-05,43,Conroe Relocated C78/A321
12,2016,7,6,2016-07-06,36,Conroe Relocated C78/A321
12,2016,7,7,2016-07-07,43,Conroe Relocated C78/A321
12,2016,7,8,2016-07-08,43,Conroe Relocated C78/A321
12,2016,7,9,2016-07-09,37,Conroe Relocated C78/A321
12,2016,7,10,2016-07-10,24,Conroe Relocated C78/A321
0,2016,7,11,2016-07-11,34,Conroe Relocated C78/A321
0,2016,7,12,2016-07-12,42,Conroe Relocated C78/A321
8,2016,7,13,2016-07-13,40,Conroe Relocated C78/A321
12,2016,7,14,2016-07-14,44,Conroe Relocated C78/A321
12,2016,7,15,2016-07-15,40,Houston Aldine C8/AF108/X150
12,2016,7,16,2016-07-16,59,Houston Aldine C8/AF108/X150
8,2016,7,17,2016-07-17,44,Houston Aldine C8/AF108/X150
12,2016,7,18,2016-07-18,47,Houston Aldine C8/AF108/X150
12,2016,7,19,2016-07-19,40,Houston Westhollow C410/C3003
12,2016,7,20,2016-07-20,54,Houston Aldine C8/AF108/X150
12,2016,7,21,2016-07-21,79,Northwest Harris Co. C26/A110/X154
12,2016,7,22,2016-07-22,83,Houston Aldine C8/AF108/X150
12,2016,7,23,2016-07-23,54,Conroe Relocated C78/A321
8,2016,7,24,2016-07-24,44,Houston Aldine C8/AF108/X150
12,2016,7,25,2016-07-25,37,Lang C408
13,2016,7,26,2016-07-26,50,Conroe Relocated C78/A321
13,2016,7,27,2016-07-27,31,Houston Westhollow C410/C3003
13,2016,7,28,2016-07-28,44,Seabrook Friendship Park C45
9,2016,7,29,2016-07-29,52,Houston Aldine C8/AF108/X150
4,2016,7,30,2016-07-30,40,Wallisville Road C617
0,2016,7,31,2016-07-31,31,Conroe Relocated C78/A321
4,2016,8,1,2016-08-01,55,Conroe Relocated C78/A321
12,2016,8,2,2016-08-02,58,Houston Aldine C8/AF108/X150
12,2016,8,3,2016-08-03,89,Houston Aldine C8/AF108/X150
12,2016,8,4,2016-08-04,71,Conroe Relocated C78/A321
13,2016,8,5,2016-08-05,60,Conroe Relocated C78/A321
9,2016,8,6,2016-08-06,43,Wallisville Road C617
9,2016,8,7,2016-08-07,47,Wallisville Road C617
9,2016,8,8,2016-08-08,61,Houston Aldine C8/AF108/X150
10,2016,8,9,2016-08-09,64,Houston Aldine C8/AF108/X150
0,2016,8,10,2016-08-10,47,Conroe Relocated C78/A321
12,2016,8,11,2016-08-11,40,Wallisville Road C617
12,2016,8,12,2016-08-12,39,Conroe Relocated C78/A321
15,2016,8,13,2016-08-13,49,Conroe Relocated C78/A321
11,2016,8,14,2016-08-14,32,Houston Aldine C8/AF108/X150
10,2016,8,15,2016-08-15,34,Galveston 99th St. C1034/A320/X183
4,2016,8,16,2016-08-16,30,Galveston 99th St. C1034/A320/X183
8,2016,8,17,2016-08-17,30,Galveston 99th St. C1034/A320/X183
8,2016,8,18,2016-08-18,26,Conroe Relocated C78/A321
0,2016,8,19,2016-08-19,32,Conroe Relocated C78/A321
1,2016,8,20,2016-08-20,29,Conroe Relocated C78/A321
7,2016,8,21,2016-08-21,33,Houston Bayland Park C53/A146
0,2016,8,22,2016-08-22,25,Conroe Relocated C78/A321
0,2016,8,23,2016-08-23,41,Conroe Relocated C78/A321
12,2016,8,24,2016-08-24,43,Conroe Relocated C78/A321
12,2016,8,25,2016-08-25,47,Galveston 99th St. C1034/A320/X183
4,2016,8,26,2016-08-26,60,Manvel Croix Park C84
0,2016,8,27,2016-08-27,56,Lake Jackson C1016
9,2016,8,28,2016-08-28,44,Manvel Croix Park C84
9,2016,8,29,2016-08-29,41,Galveston 99th St. C1034/A320/X183
9,2016,8,30,2016-08-30,52,Galveston 99th St. C1034/A320/X183
10,2016,8,31,2016-08-31,52,Galveston 99th St. C1034/A320/X183
10,2016,9,1,2016-09-01,65,Lake Jackson C1016
15,2016,9,2,2016-09-02,66,Manvel Croix Park C84
15,2016,9,3,2016-09-03,68,Manvel Croix Park C84
0,2016,9,4,2016-09-04,50,Lang C408
0,2016,9,5,2016-09-05,31,Conroe Relocated C78/A321
0,2016,9,6,2016-09-06,50,Conroe Relocated C78/A321
12,2016,9,7,2016-09-07,44,Conroe Relocated C78/A321
12,2016,9,8,2016-09-08,49,Conroe Relocated C78/A321
13,2016,9,9,2016-09-09,35,Conroe Relocated C78/A321
13,2016,9,10,2016-09-10,35,Galveston 99th St. C1034/A320/X183
12,2016,9,11,2016-09-11,58,Manvel Croix Park C84
12,2016,9,12,2016-09-12,64,Houston Bayland Park C53/A146
1,2016,9,13,2016-09-13,41,Houston Westhollow C410/C3003
4,2016,9,14,2016-09-14,52,Manvel Croix Park C84
12,2016,9,15,2016-09-15,54,Houston Westhollow C410/C3003
0,2016,9,16,2016-09-16,40,Houston Westhollow C410/C3003
0,2016,9,17,2016-09-17,64,Seabrook Friendship Park C45
13,2016,9,18,2016-09-18,43,Wallisville Road C617
13,2016,9,19,2016-09-19,84,HRM-3 Haden Road C603/A114
12,2016,9,20,2016-09-20,51,Seabrook Friendship Park C45
12,2016,9,21,2016-09-21,74,Houston Croquet C409
13,2016,9,22,2016-09-22,54,Northwest Harris Co. C26/A110/X154
1,2016,9,23,2016-09-23,30,Conroe Relocated C78/A321
1,2016,9,24,2016-09-24,26,Conroe Relocated C78/A321
1,2016,9,25,2016-09-25,26,Wallisville Road C617
5,2016,9,26,2016-09-26,44,Manvel Croix Park C84
10,2016,9,27,2016-09-27,52,Manvel Croix Park C84
11,2016,9,28,2016-09-28,75,Manvel Croix Park C84
14,2016,9,29,2016-09-29,73,Lake Jackson C1016
12,2016,9,30,2016-09-30,66,Manvel Croix Park C84
2,2017,6,1,2017-06-01,36,Northwest Harris Co. C26/A110/X154
3,2017,6,2,2017-06-02,35,Northwest Harris Co. C26/A110/X154
3,2017,6,3,2017-06-03,45,Lang C408
7,2017,6,4,2017-06-04,42,Houston Aldine C8/AF108/X150
7,2017,6,5,2017-06-05,56,Galveston 99th St. C1034/A320/X183
7,2017,6,6,2017-06-06,56,Galveston 99th St. C1034/A320/X183
7,2017,6,7,2017-06-07,65,Manvel Croix Park C84
11,2017,6,8,2017-06-08,87,Manvel Croix Park C84
7,2017,6,9,2017-06-09,76,Northwest Harris Co. C26/A110/X154
7,2017,6,10,2017-06-10,65,Conroe Relocated C78/A321
3,2017,6,11,2017-06-11,50,Northwest Harris Co. C26/A110/X154
1,2017,6,12,2017-06-12,45,Northwest Harris Co. C26/A110/X154
1,2017,6,13,2017-06-13,32,Conroe Relocated C78/A321
2,2017,6,14,2017-06-14,41,Conroe Relocated C78/A321
0,2017,6,15,2017-06-15,34,Houston Aldine C8/AF108/X150
14,2017,6,16,2017-06-16,33,Houston Aldine C8/AF108/X150
11,2017,6,17,2017-06-17,36,Conroe Relocated C78/A321
7,2017,6,18,2017-06-18,34,Conroe Relocated C78/A321
7,2017,6,19,2017-06-19,61,Houston Bayland Park C53/A146
10,2017,6,20,2017-06-20,42,Manvel Croix Park C84
11,2017,6,21,2017-06-21,27,Northwest Harris Co. C26/A110/X154
7,2017,6,22,2017-06-22,37,Galveston 99th St. C1034/A320/X183
7,2017,6,23,2017-06-23,50,Conroe Relocated C78/A321
15,2017,6,24,2017-06-24,37,Galveston 99th St. C1034/A320/X183
12,2017,6,25,2017-06-25,34,Manvel Croix Park C84
12,2017,6,26,2017-06-26,47,Houston Bayland Park C53/A146
14,2017,6,27,2017-06-27,40,Northwest Harris Co. C26/A110/X154
6,2017,6,28,2017-06-28,37,Houston Westhollow C410/C3003
2,2017,6,29,2017-06-29,35,Conroe Relocated C78/A321
0,2017,6,30,2017-06-30,36,Conroe Relocated C78/A321
8,2017,7,1,2017-07-01,36,Conroe Relocated C78/A321
12,2017,7,2,2017-07-02,40,Conroe Relocated C78/A321
12,2017,7,3,2017-07-03,39,Conroe Relocated C78/A321
12,2017,7,4,2017-07-04,37,Conroe Relocated C78/A321
12,2017,7,5,2017-07-05,39,Conroe Relocated C78/A321
12,2017,7,6,2017-07-06,54,Northwest Harris Co. C26/A110/X154
12,2017,7,7,2017-07-07,50,Houston Aldine C8/AF108/X150
12,2017,7,8,2017-07-08,44,Houston Aldine C8/AF108/X150
12,2017,7,9,2017-07-09,41,Galveston 99th St. C1034/A320/X183
12,2017,7,10,2017-07-10,42,Seabrook Friendship Park C45
8,2017,7,11,2017-07-11,36,Conroe Relocated C78/A321
0,2017,7,12,2017-07-12,26,Northwest Harris Co. C26/A110/X154
8,2017,7,13,2017-07-13,40,Houston Aldine C8/AF108/X150
12,2017,7,14,2017-07-14,59,Seabrook Friendship Park C45
12,2017,7,15,2017-07-15,41,Galveston 99th St. C1034/A320/X183
12,2017,7,16,2017-07-16,60,Houston Bayland Park C53/A146
14,2017,7,17,2017-07-17,55,Northwest Harris Co. C26/A110/X154
9,2017,7,18,2017-07-18,51,Houston Aldine C8/AF108/X150
12,2017,7,19,2017-07-19,50,Conroe Relocated C78/A321
12,2017,7,20,2017-07-20,57,Seabrook Friendship Park C45
12,2017,7,21,2017-07-21,48,Conroe Relocated C78/A321
12,2017,7,22,2017-07-22,35,Conroe Relocated C78/A321
8,2017,7,23,2017-07-23,31,Conroe Relocated C78/A321
14,2017,7,24,2017-07-24,35,Houston Aldine C8/AF108/X150
12,2017,7,25,2017-07-25,47,Conroe Relocated C78/A321
12,2017,7,26,2017-07-26,50,Conroe Relocated C78/A321
12,2017,7,27,2017-07-27,57,Conroe Relocated C78/A321
12,2017,7,28,2017-07-28,47,Houston Aldine C8/AF108/X150
14,2017,7,29,2017-07-29,49,Houston Aldine C8/AF108/X150
13,2017,7,30,2017-07-30,52,Manvel Croix Park C84
12,2017,7,31,2017-07-31,65,Manvel Croix Park C84
12,2017,8,1,2017-08-01,62,Houston Bayland Park C53/A146
13,2017,8,2,2017-08-02,41,Galveston 99th St. C1034/A320/X183
12,2017,8,3,2017-08-03,60,Houston Bayland Park C53/A146
12,2017,8,4,2017-08-04,78,Seabrook Friendship Park C45
12,2017,8,5,2017-08-05,44,Conroe Relocated C78/A321
0,2017,8,6,2017-08-06,23,Conroe Relocated C78/A321
15,2017,8,7,2017-08-07,32,Northwest Harris Co. C26/A110/X154
15,2017,8,8,2017-08-08,42,Channelview C15/AH115
14,2017,8,9,2017-08-09,59,Wallisville Road C617
12,2017,8,10,2017-08-10,41,Houston Aldine C8/AF108/X150
12,2017,8,11,2017-08-11,38,Houston Aldine C8/AF108/X150
12,2017,8,12,2017-08-12,40,Houston Aldine C8/AF108/X150
13,2017,8,13,2017-08-13,30,Conroe Relocated C78/A321
15,2017,8,14,2017-08-14,39,Conroe Relocated C78/A321
2,2017,8,15,2017-08-15,31,Conroe Relocated C78/A321
0,2017,8,16,2017-08-16,36,Conroe Relocated C78/A321
0,2017,8,17,2017-08-17,37,Conroe Relocated C78/A321
12,2017,8,18,2017-08-18,45,Houston Aldine C8/AF108/X150
12,2017,8,19,2017-08-19,50,HRM-3 Haden Road C603/A114
13,2017,8,20,2017-08-20,46,Houston Aldine C8/AF108/X150
8,2017,8,21,2017-08-21,63,Northwest Harris Co. C26/A110/X154
12,2017,8,22,2017-08-22,65,Clinton C403/C304/AH113
12,2017,8,23,2017-08-23,50,Houston Croquet C409
11,2017,8,24,2017-08-24,46,Northwest Harris Co. C26/A110/X154
3,2017,8,25,2017-08-25,23,Conroe Relocated C78/A321
1,2017,8,26,2017-08-26,28,Northwest Harris Co. C26/A110/X154
14,2017,8,27,2017-08-27,30,Conroe Relocated C78/A321
11,2017,8,28,2017-08-28,34,Northwest Harris Co. C26/A110/X154
11,2017,8,29,2017-08-29,35,Northwest Harris Co. C26/A110/X154
11,2017,8,30,2017-08-30,42,Northwest Harris Co. C26/A110/X154
11,2017,8,31,2017-08-31,57,Wallisville Road C617
11,2017,9,1,2017-09-01,96,Houston Bayland Park C53/A146
15,2017,9,2,2017-09-02,77,Clinton C403/C304/AH113
12,2017,9,3,2017-09-03,78,Clinton C403/C304/AH113
12,2017,9,4,2017-09-04,74,Northwest Harris Co. C26/A110/X154
15,2017,9,5,2017-09-05,67,Park Place C416
15,2017,9,6,2017-09-06,43,Manvel Croix Park C84
11,2017,9,7,2017-09-07,63,Manvel Croix Park C84
15,2017,9,8,2017-09-08,69,Manvel Croix Park C84
14,2017,9,9,2017-09-09,65,Manvel Croix Park C84
14,2017,9,10,2017-09-10,60,Manvel Croix Park C84
14,2017,9,11,2017-09-11,60,Manvel Croix Park C84
11,2017,9,12,2017-09-12,89,Seabrook Friendship Park C45
7,2017,9,13,2017-09-13,71,Houston Aldine C8/AF108/X150
7,2017,9,14,2017-09-14,82,Conroe Relocated C78/A321
6,2017,9,15,2017-09-15,65,Conroe Relocated C78/A321
2,2017,9,16,2017-09-16,66,Houston Aldine C8/AF108/X150
0,2017,9,17,2017-09-17,58,Houston Aldine C8/AF108/X150
0,2017,9,18,2017-09-18,30,Conroe Relocated C78/A321
15,2017,9,19,2017-09-19,42,Conroe Relocated C78/A321
2,2017,9,20,2017-09-20,38,Conroe Relocated C78/A321
1,2017,9,21,2017-09-21,33,Seabrook Friendship Park C45
2,2017,9,22,2017-09-22,66,Northwest Harris Co. C26/A110/X154
3,2017,9,23,2017-09-23,65,Northwest Harris Co. C26/A110/X154
3,2017,9,24,2017-09-24,57,Northwest Harris Co. C26/A110/X154
3,2017,9,25,2017-09-25,53,Northwest Harris Co. C26/A110/X154
3,2017,9,26,2017-09-26,54,Northwest Harris Co. C26/A110/X154
3,2017,9,27,2017-09-27,63,Houston Westhollow C410/C3003
3,2017,9,28,2017-09-28,54,Manvel Croix Park C84
6,2017,9,29,2017-09-29,69,Manvel Croix Park C84
10,2017,9,30,2017-09-30,78,Manvel Croix Park C84
10,2018,6,1,2018-06-01,64,Conroe Relocated C78/A321
14,2018,6,2,2018-06-02,51,Conroe Relocated C78/A321
13,2018,6,3,2018-06-03,54,Houston Aldine C8/AF108/X150
12,2018,6,4,2018-06-04,63,Wallisville Road C617
15,2018,6,5,2018-06-05,48,Houston Aldine C8/AF108/X150
11,2018,6,6,2018-06-06,63,Conroe Relocated C78/A321
11,2018,6,7,2018-06-07,67,Conroe Relocated C78/A321
14,2018,6,8,2018-06-08,73,Conroe Relocated C78/A321
12,2018,6,9,2018-06-09,43,Conroe Relocated C78/A321
0,2018,6,10,2018-06-10,28,Conroe Relocated C78/A321
2,2018,6,11,2018-06-11,36,Conroe Relocated C78/A321
2,2018,6,12,2018-06-12,49,Conroe Relocated C78/A321
6,2018,6,13,2018-06-13,59,Conroe Relocated C78/A321
5,2018,6,14,2018-06-14,47,Conroe Relocated C78/A321
1,2018,6,15,2018-06-15,46,Conroe Relocated C78/A321
3,2018,6,16,2018-06-16,38,Northwest Harris Co. C26/A110/X154
2,2018,6,17,2018-06-17,27,Houston Westhollow C410/C3003
1,2018,6,18,2018-06-18,29,Northwest Harris Co. C26/A110/X154
0,2018,6,19,2018-06-19,25,Galveston 99th St. C1034/A320/X183
2,2018,6,20,2018-06-20,23,Galveston 99th St. C1034/A320/X183
11,2018,6,21,2018-06-21,51,Conroe Relocated C78/A321
11,2018,6,22,2018-06-22,40,Houston Aldine C8/AF108/X150
7,2018,6,23,2018-06-23,37,Conroe Relocated C78/A321
2,2018,6,24,2018-06-24,31,Conroe Relocated C78/A321
1,2018,6,25,2018-06-25,25,Conroe Relocated C78/A321
0,2018,6,26,2018-06-26,50,Conroe Relocated C78/A321
12,2018,6,27,2018-06-27,49,Conroe Relocated C78/A321
8,2018,6,28,2018-06-28,43,Conroe Relocated C78/A321
0,2018,6,29,2018-06-29,40,Conroe Relocated C78/A321
0,2018,6,30,2018-06-30,36,Conroe Relocated C78/A321
0,2018,7,1,2018-07-01,39,Conroe Relocated C78/A321
12,2018,7,2,2018-07-02,56,Conroe Relocated C78/A321
8,2018,7,3,2018-07-03,49,Channelview C15/AH115
8,2018,7,4,2018-07-04,24,Houston Westhollow C410/C3003
12,2018,7,5,2018-07-05,48,Lang C408
12,2018,7,6,2018-07-06,59,Houston Croquet C409
12,2018,7,7,2018-07-07,53,Houston Westhollow C410/C3003
12,2018,7,8,2018-07-08,43,Conroe Relocated C78/A321
12,2018,7,9,2018-07-09,30,Hou.DeerPrk2 C35/235/1001/AFH139FP239
12,2018,7,10,2018-07-10,64,Houston Aldine C8/AF108/X150
12,2018,7,11,2018-07-11,57,Wallisville Road C617
12,2018,7,12,2018-07-12,50,Conroe Relocated C78/A321
12,2018,7,13,2018-07-13,50,Conroe Relocated C78/A321
12,2018,7,14,2018-07-14,39,Conroe Relocated C78/A321
12,2018,7,15,2018-07-15,29,Houston Aldine C8/AF108/X150
12,2018,7,16,2018-07-16,46,Houston Aldine C8/AF108/X150
12,2018,7,17,2018-07-17,49,Wallisville Road C617
12,2018,7,18,2018-07-18,50,Wallisville Road C617
12,2018,7,19,2018-07-19,45,Houston Aldine C8/AF108/X150
12,2018,7,20,2018-07-20,56,Houston Aldine C8/AF108/X150
12,2018,7,21,2018-07-21,48,Houston Aldine C8/AF108/X150
12,2018,7,22,2018-07-22,52,Wallisville Road C617
12,2018,7,23,2018-07-23,81,Wallisville Road C617
12,2018,7,24,2018-07-24,73,Houston Croquet C409
12,2018,7,25,2018-07-25,72,Park Place C416
12,2018,7,26,2018-07-26,107,Galveston 99th St. C1034/A320/X183
12,2018,7,27,2018-07-27,109,Houston Aldine C8/AF108/X150
12,2018,7,28,2018-07-28,86,Houston Aldine C8/AF108/X150
12,2018,7,29,2018-07-29,71,Wallisville Road C617
12,2018,7,30,2018-07-30,64,Wallisville Road C617
13,2018,7,31,2018-07-31,49,Conroe Relocated C78/A321
14,2018,8,1,2018-08-01,77,Lake Jackson C1016
14,2018,8,2,2018-08-02,78,Manvel Croix Park C84
13,2018,8,3,2018-08-03,76,Houston Westhollow C410/C3003
8,2018,8,4,2018-08-04,42,Conroe Relocated C78/A321
8,2018,8,5,2018-08-05,58,Northwest Harris Co. C26/A110/X154
12,2018,8,6,2018-08-06,45,Conroe Relocated C78/A321
12,2018,8,7,2018-08-07,39,Conroe Relocated C78/A321
8,2018,8,8,2018-08-08,39,Conroe Relocated C78/A321
8,2018,8,9,2018-08-09,33,Conroe Relocated C78/A321
12,2018,8,10,2018-08-10,43,Wallisville Road C617
12,2018,8,11,2018-08-11,30,Conroe Relocated C78/A321
8,2018,8,12,2018-08-12,23,Conroe Relocated C78/A321
0,2018,8,13,2018-08-13,45,Conroe Relocated C78/A321
0,2018,8,14,2018-08-14,46,Conroe Relocated C78/A321
0,2018,8,15,2018-08-15,45,Conroe Relocated C78/A321
12,2018,8,16,2018-08-16,40,Conroe Relocated C78/A321
12,2018,8,17,2018-08-17,43,Conroe Relocated C78/A321
12,2018,8,18,2018-08-18,38,Wallisville Road C617
12,2018,8,19,2018-08-19,33,Conroe Relocated C78/A321
15,2018,8,20,2018-08-20,36,Wallisville Road C617
12,2018,8,21,2018-08-21,50,Wallisville Road C617
12,2018,8,22,2018-08-22,73,Galveston 99th St. C1034/A320/X183
12,2018,8,23,2018-08-23,99,Clinton C403/C304/AH113
12,2018,8,24,2018-08-24,91,Houston Aldine C8/AF108/X150
4,2018,8,25,2018-08-25,77,Northwest Harris Co. C26/A110/X154
12,2018,8,26,2018-08-26,55,Houston Aldine C8/AF108/X150
12,2018,8,27,2018-08-27,48,Conroe Relocated C78/A321
0,2018,8,28,2018-08-28,40,Conroe Relocated C78/A321
8,2018,8,29,2018-08-29,40,Conroe Relocated C78/A321
12,2018,8,30,2018-08-30,55,Northwest Harris Co. C26/A110/X154
13,2018,8,31,2018-08-31,65,Houston Westhollow C410/C3003
1,2018,9,1,2018-09-01,55,Houston Westhollow C410/C3003
1,2018,9,2,2018-09-02,29,Wallisville Road C617
1,2018,9,3,2018-09-03,28,Galveston 99th St. C1034/A320/X183
1,2018,9,4,2018-09-04,35,Northwest Harris Co. C26/A110/X154
1,2018,9,5,2018-09-05,48,Northwest Harris Co. C26/A110/X154
8,2018,9,6,2018-09-06,48,Conroe Relocated C78/A321
8,2018,9,7,2018-09-07,37,Conroe Relocated C78/A321
10,2018,9,8,2018-09-08,34,Conroe Relocated C78/A321
7,2018,9,9,2018-09-09,38,Wallisville Road C617
7,2018,9,10,2018-09-10,30,Wallisville Road C617
7,2018,9,11,2018-09-11,29,Galveston 99th St. C1034/A320/X183
6,2018,9,12,2018-09-12,40,Northwest Harris Co. C26/A110/X154
5,2018,9,13,2018-09-13,32,Galveston 99th St. C1034/A320/X183
5,2018,9,14,2018-09-14,27,Galveston 99th St. C1034/A320/X183
5,2018,9,15,2018-09-15,43,Northwest Harris Co. C26/A110/X154
5,2018,9,16,2018-09-16,73,Wallisville Road C617
10,2018,9,17,2018-09-17,88,Hou.DeerPrk2 C35/235/1001/AFH139FP239
5,2018,9,18,2018-09-18,89,Hou.DeerPrk2 C35/235/1001/AFH139FP239
1,2018,9,19,2018-09-19,71,Houston Aldine C8/AF108/X150
2,2018,9,20,2018-09-20,43,Conroe Relocated C78/A321
0,2018,9,21,2018-09-21,24,Conroe Relocated C78/A321
13,2018,9,22,2018-09-22,22,Wallisville Road C617
10,2018,9,23,2018-09-23,53,Wallisville Road C617
2,2018,9,24,2018-09-24,60,Wallisville Road C617
2,2018,9,25,2018-09-25,42,Conroe Relocated C78/A321
0,2018,9,26,2018-09-26,29,Wallisville Road C617
15,2018,9,27,2018-09-27,34,Lake Jackson C1016
11,2018,9,28,2018-09-28,40,Houston Westhollow C410/C3003
0,2018,9,29,2018-09-29,28,Galveston 99th St. C1034/A320/X183
0,2018,9,30,2018-09-30,35,Northwest Harris Co. C26/A110/X154
7,2019,6,1,2019-06-01,81,Houston Aldine C8/AF108/X150
7,2019,6,2,2019-06-02,53,Wallisville Road C617
3,2019,6,3,2019-06-03,72,Houston Aldine C8/AF108/X150
2,2019,6,4,2019-06-04,51,Conroe Relocated C78/A321
2,2019,6,5,2019-06-05,25,Galveston 99th St. C1034/A320/X183
3,2019,6,6,2019-06-06,65,Wallisville Road C617
7,2019,6,7,2019-06-07,59,Houston Aldine C8/AF108/X150
7,2019,6,8,2019-06-08,81,Galveston 99th St. C1034/A320/X183
11,2019,6,9,2019-06-09,92,Clinton C403/C304/AH113
12,2019,6,10,2019-06-10,63,Lake Jackson C1016
12,2019,6,11,2019-06-11,83,Houston Croquet C409
15,2019,6,12,2019-06-12,91,Houston Bayland Park C53/A146
15,2019,6,13,2019-06-13,81,Galveston 99th St. C1034/A320/X183
15,2019,6,14,2019-06-14,83,Conroe Relocated C78/A321
0,2019,6,15,2019-06-15,28,Conroe Relocated C78/A321
1,2019,6,16,2019-06-16,45,Galveston 99th St. C1034/A320/X183
2,2019,6,17,2019-06-17,81,Houston Aldine C8/AF108/X150
11,2019,6,18,2019-06-18,61,Houston Aldine C8/AF108/X150
15,2019,6,19,2019-06-19,36,Conroe Relocated C78/A321
11,2019,6,20,2019-06-20,27,Conroe Relocated C78/A321
0,2019,6,21,2019-06-21,32,Conroe Relocated C78/A321
0,2019,6,22,2019-06-22,29,Conroe Relocated C78/A321
0,2019,6,23,2019-06-23,31,Conroe Relocated C78/A321
0,2019,6,24,2019-06-24,55,Conroe Relocated C78/A321
1,2019,6,25,2019-06-25,33,Conroe Relocated C78/A321
0,2019,6,26,2019-06-26,26,Conroe Relocated C78/A321
12,2019,6,27,2019-06-27,32,Conroe Relocated C78/A321
12,2019,6,28,2019-06-28,55,Houston Aldine C8/AF108/X150
12,2019,6,29,2019-06-29,40,Galveston 99th St. C1034/A320/X183
12,2019,6,30,2019-06-30,58,Channelview C15/AH115
12,2019,7,1,2019-07-01,56,Conroe Relocated C78/A321
0,2019,7,2,2019-07-02,35,Conroe Relocated C78/A321
0,2019,7,3,2019-07-03,43,Conroe Relocated C78/A321
0,2019,7,4,2019-07-04,31,Conroe Relocated C78/A321
8,2019,7,5,2019-07-05,47,Conroe Relocated C78/A321
12,2019,7,6,2019-07-06,61,Channelview C15/AH115
12,2019,7,7,2019-07-07,50,Wallisville Road C617
12,2019,7,8,2019-07-08,39,Conroe Relocated C78/A321
13,2019,7,9,2019-07-09,48,Conroe Relocated C78/A321
12,2019,7,10,2019-07-10,66,Houston Aldine C8/AF108/X150
12,2019,7,11,2019-07-11,66,Galveston 99th St. C1034/A320/X183
14,2019,7,12,2019-07-12,60,Lake Jackson C1016
10,2019,7,13,2019-07-13,45,Galveston 99th St. C1034/A320/X183
14,2019,7,14,2019-07-14,41,Channelview C15/AH115
12,2019,7,15,2019-07-15,30,Conroe Relocated C78/A321
12,2019,7,16,2019-07-16,35,Conroe Relocated C78/A321
12,2019,7,17,2019-07-17,30,Houston Aldine C8/AF108/X150
12,2019,7,18,2019-07-18,43,Conroe Relocated C78/A321
8,2019,7,19,2019-07-19,44,Conroe Relocated C78/A321
8,2019,7,20,2019-07-20,43,Conroe Relocated C78/A321
4,2019,7,21,2019-07-21,33,Houston Aldine C8/AF108/X150
13,2019,7,22,2019-07-22,36,Houston Aldine C8/AF108/X150
13,2019,7,23,2019-07-23,47,Lake Jackson C1016
13,2019,7,24,2019-07-24,60,Houston Bayland Park C53/A146
13,2019,7,25,2019-07-25,79,Manvel Croix Park C84
12,2019,7,26,2019-07-26,76,Houston Westhollow C410/C3003
12,2019,7,27,2019-07-27,64,Houston Westhollow C410/C3003
12,2019,7,28,2019-07-28,29,Conroe Relocated C78/A321
12,2019,7,29,2019-07-29,28,Conroe Relocated C78/A321
12,2019,7,30,2019-07-30,36,Wallisville Road C617
12,2019,7,31,2019-07-31,56,Lang C408
12,2019,8,1,2019-08-01,73,Houston Bayland Park C53/A146
12,2019,8,2,2019-08-02,70,Park Place C416
13,2019,8,3,2019-08-03,64,Hou.DeerPrk2 C35/235/1001/AFH139FP239
13,2019,8,4,2019-08-04,50,Houston Aldine C8/AF108/X150
13,2019,8,5,2019-08-05,60,Houston Aldine C8/AF108/X150
12,2019,8,6,2019-08-06,47,Conroe Relocated C78/A321
13,2019,8,7,2019-08-07,39,Conroe Relocated C78/A321
13,2019,8,8,2019-08-08,38,Houston Aldine C8/AF108/X150
12,2019,8,9,2019-08-09,44,Conroe Relocated C78/A321
12,2019,8,10,2019-08-10,39,Conroe Relocated C78/A321
12,2019,8,11,2019-08-11,36,Houston Aldine C8/AF108/X150
12,2019,8,12,2019-08-12,47,Conroe Relocated C78/A321
12,2019,8,13,2019-08-13,51,Houston Aldine C8/AF108/X150
12,2019,8,14,2019-08-14,59,Hou.DeerPrk2 C35/235/1001/AFH139FP239
12,2019,8,15,2019-08-15,107,Hou.DeerPrk2 C35/235/1001/AFH139FP239
12,2019,8,16,2019-08-16,68,Houston Aldine C8/AF108/X150
12,2019,8,17,2019-08-17,34,Conroe Relocated C78/A321
0,2019,8,18,2019-08-18,29,Conroe Relocated C78/A321
8,2019,8,19,2019-08-19,45,Conroe Relocated C78/A321
12,2019,8,20,2019-08-20,35,Conroe Relocated C78/A321
12,2019,8,21,2019-08-21,40,Conroe Relocated C78/A321
8,2019,8,22,2019-08-22,50,Northwest Harris Co. C26/A110/X154
0,2019,8,23,2019-08-23,31,Houston Westhollow C410/C3003
0,2019,8,24,2019-08-24,49,Houston Bayland Park C53/A146
13,2019,8,25,2019-08-25,32,Wallisville Road C617
15,2019,8,26,2019-08-26,37,Conroe Relocated C78/A321
15,2019,8,27,2019-08-27,48,Conroe Relocated C78/A321
13,2019,8,28,2019-08-28,49,Park Place C416
12,2019,8,29,2019-08-29,70,Northwest Harris Co. C26/A110/X154
12,2019,8,30,2019-08-30,54,Northwest Harris Co. C26/A110/X154
12,2019,8,31,2019-08-31,76,Houston Bayland Park C53/A146
13,2019,9,1,2019-09-01,64,Galveston 99th St. C1034/A320/X183
13,2019,9,2,2019-09-02,45,Galveston 99th St. C1034/A320/X183
13,2019,9,3,2019-09-03,50,Houston Bayland Park C53/A146
9,2019,9,4,2019-09-04,68,Houston Bayland Park C53/A146
12,2019,9,5,2019-09-05,93,Houston Aldine C8/AF108/X150
12,2019,9,6,2019-09-06,85,Houston Aldine C8/AF108/X150
12,2019,9,7,2019-09-07,68,Wallisville Road C617
12,2019,9,8,2019-09-08,58,Conroe Relocated C78/A321
0,2019,9,9,2019-09-09,63,Conroe Relocated C78/A321
0,2019,9,10,2019-09-10,50,Houston Bayland Park C53/A146
0,2019,9,11,2019-09-11,46,Northwest Harris Co. C26/A110/X154
8,2019,9,12,2019-09-12,58,Northwest Harris Co. C26/A110/X154
8,2019,9,13,2019-09-13,69,Houston Bayland Park C53/A146
12,2019,9,14,2019-09-14,65,Houston Bayland Park C53/A146
12,2019,9,15,2019-09-15,57,Houston Bayland Park C53/A146
8,2019,9,16,2019-09-16,42,Galveston 99th St. C1034/A320/X183
0,2019,9,17,2019-09-17,40,Galveston 99th St. C1034/A320/X183
0,2019,9,18,2019-09-18,39,Galveston 99th St. C1034/A320/X183
4,2019,9,19,2019-09-19,31,Houston Bayland Park C53/A146
1,2019,9,20,2019-09-20,43,Galveston 99th St. C1034/A320/X183
0,2019,9,21,2019-09-21,43,Northwest Harris Co. C26/A110/X154
0,2019,9,22,2019-09-22,39,Conroe Relocated C78/A321
13,2019,9,23,2019-09-23,42,Northwest Harris Co. C26/A110/X154
13,2019,9,24,2019-09-24,65,Northwest Harris Co. C26/A110/X154
6,2019,9,25,2019-09-25,62,Conroe Relocated C78/A321
11,2019,9,26,2019-09-26,73,Northwest Harris Co. C26/A110/X154
7,2019,9,27,2019-09-27,39,Conroe Relocated C78/A321
3,2019,9,28,2019-09-28,46,Conroe Relocated C78/A321
2,2019,9,29,2019-09-29,43,Houston Aldine C8/AF108/X150
0,2019,9,30,2019-09-30,36,Conroe Relocated C78/A321
cluster,,,,,,