,date,maximum,site
0,2010-06-01,68.0,Conroe Relocated C78/A321
1,2010-06-02,43.0,Conroe Relocated C78/A321
2,2010-06-03,47.0,Wallisville Road C617
3,2010-06-04,59.0,Seabrook Friendship Park C45
4,2010-06-05,54.0,Conroe Relocated C78/A321
5,2010-06-06,47.0,Houston Aldine C8/AF108/X150
6,2010-06-07,36.0,Northwest Harris Co. C26/A110/X154
7,2010-06-08,39.0,Hou.DeerPrk2 C35/235/1001/AFH139FP239
8,2010-06-09,30.0,Northwest Harris Co. C26/A110/X154
9,2010-06-10,32.0,Conroe Relocated C78/A321
10,2010-06-11,30.0,Conroe Relocated C78/A321
11,2010-06-12,28.0,Conroe Relocated C78/A321
12,2010-06-13,28.0,Conroe Relocated C78/A321
13,2010-06-14,38.0,Conroe Relocated C78/A321
14,2010-06-15,43.0,Conroe Relocated C78/A321
15,2010-06-16,49.0,Conroe Relocated C78/A321
16,2010-06-17,36.0,Conroe Relocated C78/A321
17,2010-06-18,41.0,Conroe Relocated C78/A321
18,2010-06-19,47.0,Conroe Relocated C78/A321
19,2010-06-20,50.0,Houston Aldine C8/AF108/X150
20,2010-06-21,66.0,Conroe Relocated C78/A321
21,2010-06-22,61.0,Houston Aldine C8/AF108/X150
22,2010-06-23,47.0,Northwest Harris Co. C26/A110/X154
23,2010-06-24,60.0,Wallisville Road C617
24,2010-06-25,49.0,Conroe Relocated C78/A321
25,2010-06-26,46.0,Houston Aldine C8/AF108/X150
26,2010-06-27,50.0,Conroe Relocated C78/A321
27,2010-06-28,37.0,Houston Aldine C8/AF108/X150
28,2010-06-29,41.0,Houston Croquet C409
29,2010-06-30,23.0,Northwest Harris Co. C26/A110/X154
0,2010-07-01,19.0,Wallisville Road C617
1,2010-07-02,15.0,Seabrook Friendship Park C45
2,2010-07-03,28.0,Seabrook Friendship Park C45
3,2010-07-04,36.0,Houston Aldine C8/AF108/X150
4,2010-07-05,49.0,Houston Aldine C8/AF108/X150
5,2010-07-06,55.0,Houston Croquet C409
6,2010-07-07,22.0,Seabrook Friendship Park C45
7,2010-07-08,21.0,Wallisville Road C617
8,2010-07-09,66.0,Northwest Harris Co. C26/A110/X154
9,2010-07-10,65.0,Seabrook Friendship Park C45
10,2010-07-11,32.0,Houston Aldine C8/AF108/X150
11,2010-07-12,22.0,Wallisville Road C617
12,2010-07-13,28.0,Conroe Relocated C78/A321
13,2010-07-14,40.0,Conroe Relocated C78/A321
14,2010-07-15,53.0,Wallisville Road C617
15,2010-07-16,92.0,Houston Aldine C8/AF108/X150
16,2010-07-17,68.0,Houston Aldine C8/AF108/X150
17,2010-07-18,42.0,Houston Aldine C8/AF108/X150
18,2010-07-19,24.0,Conroe Relocated C78/A321
19,2010-07-20,35.0,Northwest Harris Co. C26/A110/X154
20,2010-07-21,35.0,Northwest Harris Co. C26/A110/X154
21,2010-07-22,30.0,Northwest Harris Co. C26/A110/X154
22,2010-07-23,34.0,Houston Aldine C8/AF108/X150
23,2010-07-24,77.0,Lang C408
24,2010-07-25,66.0,Manvel Croix Park C84
25,2010-07-26,55.0,Northwest Harris Co. C26/A110/X154
26,2010-07-27,27.0,Conroe Relocated C78/A321
27,2010-07-28,29.0,Conroe Relocated C78/A321
28,2010-07-29,41.0,Conroe Relocated C78/A321
29,2010-07-30,51.0,Wallisville Road C617
30,2010-07-31,58.0,Wallisville Road C617
0,2010-08-01,69.0,Wallisville Road C617
1,2010-08-02,82.0,Houston Aldine C8/AF108/X150
2,2010-08-03,83.0,Houston Aldine C8/AF108/X150
3,2010-08-04,76.0,Wallisville Road C617
4,2010-08-05,54.0,Conroe Relocated C78/A321
5,2010-08-06,44.0,Conroe Relocated C78/A321
6,2010-08-07,45.0,Wallisville Road C617
7,2010-08-08,33.0,Conroe Relocated C78/A321
8,2010-08-09,52.0,Conroe Relocated C78/A321
9,2010-08-10,77.0,Lang C408
10,2010-08-11,93.0,Park Place C416
11,2010-08-12,71.0,Wallisville Road C617
12,2010-08-13,53.0,Wallisville Road C617
13,2010-08-14,31.0,Houston Aldine C8/AF108/X150
14,2010-08-15,48.0,Wallisville Road C617
15,2010-08-16,50.0,Seabrook Friendship Park C45
16,2010-08-17,79.0,Park Place C416
17,2010-08-18,47.0,Houston Aldine C8/AF108/X150
18,2010-08-19,30.0,Wallisville Road C617
19,2010-08-20,26.0,Conroe Relocated C78/A321
20,2010-08-21,36.0,Houston Aldine C8/AF108/X150
21,2010-08-22,50.0,Wallisville Road C617
22,2010-08-23,69.0,Wallisville Road C617
23,2010-08-24,75.0,Manvel Croix Park C84
24,2010-08-25,81.0,Manvel Croix Park C84
25,2010-08-26,74.0,Manvel Croix Park C84
26,2010-08-27,88.0,Manvel Croix Park C84
27,2010-08-28,63.0,Manvel Croix Park C84
28,2010-08-29,54.0,Northwest Harris Co. C26/A110/X154
29,2010-08-30,24.0,Conroe Relocated C78/A321
30,2010-08-31,30.0,Northwest Harris Co. C26/A110/X154
0,2010-09-01,53.0,Northwest Harris Co. C26/A110/X154
1,2010-09-02,57.0,Northwest Harris Co. C26/A110/X154
2,2010-09-03,48.0,Manvel Croix Park C84
3,2010-09-04,68.0,Manvel Croix Park C84
4,2010-09-05,67.0,Northwest Harris Co. C26/A110/X154
5,2010-09-06,25.0,Seabrook Friendship Park C45
6,2010-09-07,20.0,Wallisville Road C617
7,2010-09-08,26.0,Conroe Relocated C78/A321
8,2010-09-09,28.0,Conroe Relocated C78/A321
9,2010-09-10,29.0,Conroe Relocated C78/A321
10,2010-09-11,37.0,Wallisville Road C617
11,2010-09-12,51.0,Seabrook Friendship Park C45
12,2010-09-13,77.0,Houston Croquet C409
13,2010-09-14,87.0,Houston Aldine C8/AF108/X150
14,2010-09-15,94.0,Northwest Harris Co. C26/A110/X154
15,2010-09-16,62.0,Northwest Harris Co. C26/A110/X154
16,2010-09-17,48.0,Northwest Harris Co. C26/A110/X154
17,2010-09-18,41.0,Northwest Harris Co. C26/A110/X154
18,2010-09-19,41.0,Wallisville Road C617
19,2010-09-20,40.0,Manvel Croix Park C84
20,2010-09-21,46.0,Northwest Harris Co. C26/A110/X154
21,2010-09-22,43.0,Northwest Harris Co. C26/A110/X154
22,2010-09-23,37.0,Conroe Relocated C78/A321
23,2010-09-24,43.0,Northwest Harris Co. C26/A110/X154
24,2010-09-25,62.0,Manvel Croix Park C84
25,2010-09-26,52.0,Manvel Croix Park C84
26,2010-09-27,54.0,Manvel Croix Park C84
27,2010-09-28,77.0,Seabrook Friendship Park C45
28,2010-09-29,78.0,Galveston 99th St. C1034/A320/X183
29,2010-09-30,88.0,Manvel Croix Park C84
0,2011-06-01,78.0,Northwest Harris Co. C26/A110/X154
1,2011-06-02,95.0,Galveston 99th St. C1034/A320/X183
2,2011-06-03,79.0,Northwest Harris Co. C26/A110/X154
3,2011-06-04,70.0,Northwest Harris Co. C26/A110/X154
4,2011-06-05,78.0,Manvel Croix Park C84
5,2011-06-06,112.0,Galveston 99th St. C1034/A320/X183
6,2011-06-07,80.0,Northwest Harris Co. C26/A110/X154
7,2011-06-08,64.0,Conroe Relocated C78/A321
8,2011-06-09,64.0,Conroe Relocated C78/A321
9,2011-06-10,58.0,Conroe Relocated C78/A321
10,2011-06-11,60.0,Houston Aldine C8/AF108/X150
11,2011-06-12,69.0,Northwest Harris Co. C26/A110/X154
12,2011-06-13,63.0,Conroe Relocated C78/A321
13,2011-06-14,42.0,Conroe Relocated C78/A321
14,2011-06-15,42.0,Conroe Relocated C78/A321
15,2011-06-16,31.0,Conroe Relocated C78/A321
16,2011-06-17,30.0,Conroe Relocated C78/A321
17,2011-06-18,25.0,Conroe Relocated C78/A321
18,2011-06-19,27.0,Conroe Relocated C78/A321
19,2011-06-20,33.0,Conroe Relocated C78/A321
20,2011-06-21,29.0,Conroe Relocated C78/A321
21,2011-06-22,44.0,Manvel Croix Park C84
22,2011-06-23,55.0,Conroe Relocated C78/A321
23,2011-06-24,40.0,Conroe Relocated C78/A321
24,2011-06-25,41.0,Conroe Relocated C78/A321
25,2011-06-26,36.0,Conroe Relocated C78/A321
26,2011-06-27,46.0,Conroe Relocated C78/A321
27,2011-06-28,59.0,Northwest Harris Co. C26/A110/X154
28,2011-06-29,68.0,Northwest Harris Co. C26/A110/X154
29,2011-06-30,74.0,Northwest Harris Co. C26/A110/X154
0,2011-07-01,51.0,Conroe Relocated C78/A321
1,2011-07-02,58.0,Wallisville Road C617
2,2011-07-03,57.0,Wallisville Road C617
3,2011-07-04,59.0,Wallisville Road C617
4,2011-07-05,82.0,Houston Aldine C8/AF108/X150
5,2011-07-06,61.0,Houston Bayland Park C53/A146
6,2011-07-07,58.0,Wallisville Road C617
7,2011-07-08,46.0,Houston Aldine C8/AF108/X150
8,2011-07-09,47.0,Conroe Relocated C78/A321
9,2011-07-10,41.0,Conroe Relocated C78/A321
10,2011-07-11,54.0,Northwest Harris Co. C26/A110/X154
11,2011-07-12,37.0,Conroe Relocated C78/A321
12,2011-07-13,42.0,Conroe Relocated C78/A321
13,2011-07-14,36.0,Conroe Relocated C78/A321
14,2011-07-15,27.0,Conroe Relocated C78/A321
15,2011-07-16,39.0,Wallisville Road C617
16,2011-07-17,49.0,Conroe Relocated C78/A321
17,2011-07-18,52.0,Wallisville Road C617
18,2011-07-19,41.0,Wallisville Road C617
19,2011-07-20,45.0,Conroe Relocated C78/A321
20,2011-07-21,48.0,Conroe Relocated C78/A321
21,2011-07-22,33.0,Conroe Relocated C78/A321
22,2011-07-23,37.0,Conroe Relocated C78/A321
23,2011-07-24,35.0,Houston Aldine C8/AF108/X150
24,2011-07-25,42.0,Wallisville Road C617
25,2011-07-26,45.0,Houston Aldine C8/AF108/X150
26,2011-07-27,41.0,Conroe Relocated C78/A321
27,2011-07-28,40.0,Northwest Harris Co. C26/A110/X154
28,2011-07-29,32.0,Northwest Harris Co. C26/A110/X154
29,2011-07-30,45.0,Northwest Harris Co. C26/A110/X154
30,2011-07-31,70.0,Houston East C1/G316
0,2011-08-01,76.0,Wallisville Road C617
1,2011-08-02,64.0,Northwest Harris Co. C26/A110/X154
2,2011-08-03,56.0,Conroe Relocated C78/A321
3,2011-08-04,51.0,Conroe Relocated C78/A321
4,2011-08-05,48.0,Conroe Relocated C78/A321
5,2011-08-06,49.0,Conroe Relocated C78/A321
6,2011-08-07,33.0,Conroe Relocated C78/A321
7,2011-08-08,36.0,Conroe Relocated C78/A321
8,2011-08-09,34.0,Conroe Relocated C78/A321
9,2011-08-10,44.0,Conroe Relocated C78/A321
10,2011-08-11,45.0,Conroe Relocated C78/A321
11,2011-08-12,49.0,Conroe Relocated C78/A321
12,2011-08-13,34.0,Conroe Relocated C78/A321
13,2011-08-14,49.0,Wallisville Road C617
14,2011-08-15,60.0,Conroe Relocated C78/A321
15,2011-08-16,63.0,Conroe Relocated C78/A321
16,2011-08-17,72.0,Conroe Relocated C78/A321
17,2011-08-18,72.0,Wallisville Road C617
18,2011-08-19,89.0,Wallisville Road C617
19,2011-08-20,71.0,Northwest Harris Co. C26/A110/X154
20,2011-08-21,48.0,Houston East C1/G316
21,2011-08-22,66.0,Conroe Relocated C78/A321
22,2011-08-23,66.0,Conroe Relocated C78/A321
23,2011-08-24,63.0,Houston Aldine C8/AF108/X150
24,2011-08-25,63.0,Wallisville Road C617
25,2011-08-26,100.0,Houston Aldine C8/AF108/X150
26,2011-08-27,88.0,Manvel Croix Park C84
27,2011-08-28,101.0,Houston Croquet C409
28,2011-08-29,99.0,Houston Bayland Park C53/A146
29,2011-08-30,100.0,Northwest Harris Co. C26/A110/X154
30,2011-08-31,83.0,Northwest Harris Co. C26/A110/X154
0,2011-09-01,58.0,Houston Croquet C409
1,2011-09-02,48.0,Manvel Croix Park C84
2,2011-09-03,43.0,Lake Jackson C1016
3,2011-09-04,47.0,Northwest Harris Co. C26/A110/X154
4,2011-09-05,63.0,Manvel Croix Park C84
5,2011-09-06,89.0,Manvel Croix Park C84
6,2011-09-07,80.0,Manvel Croix Park C84
7,2011-09-08,108.0,Manvel Croix Park C84
8,2011-09-09,91.0,Wallisville Road C617
9,2011-09-10,84.0,Wallisville Road C617
10,2011-09-11,83.0,Wallisville Road C617
11,2011-09-12,82.0,Wallisville Road C617
12,2011-09-13,63.0,Northwest Harris Co. C26/A110/X154
13,2011-09-14,71.0,Conroe Relocated C78/A321
14,2011-09-15,85.0,Houston Aldine C8/AF108/X150
15,2011-09-16,70.0,Northwest Harris Co. C26/A110/X154
16,2011-09-17,56.0,Wallisville Road C617
17,2011-09-18,41.0,Conroe Relocated C78/A321
18,2011-09-19,72.0,Wallisville Road C617
19,2011-09-20,80.0,HRM-3 Haden Road C603/A114
20,2011-09-21,84.0,Manvel Croix Park C84
21,2011-09-22,85.0,Manvel Croix Park C84
22,2011-09-23,78.0,Manvel Croix Park C84
23,2011-09-24,92.0,Wallisville Road C617
24,2011-09-25,53.0,Galveston 99th St. C1034/A320/X183
25,2011-09-26,44.0,Houston Aldine C8/AF108/X150
26,2011-09-27,40.0,Houston Aldine C8/AF108/X150
27,2011-09-28,45.0,Houston East C1/G316
28,2011-09-29,51.0,Wallisville Road C617
29,2011-09-30,75.0,Manvel Croix Park C84
0,2012-06-01,104.0,Houston Bayland Park C53/A146
1,2012-06-02,60.0,Galveston 99th St. C1034/A320/X183
2,2012-06-03,41.0,Conroe Relocated C78/A321
3,2012-06-04,51.0,Conroe Relocated C78/A321
4,2012-06-05,69.0,Lang C408
5,2012-06-06,75.0,Northwest Harris Co. C26/A110/X154
6,2012-06-07,85.0,Houston Monroe C406
7,2012-06-08,63.0,Houston Westhollow C410/C3003
8,2012-06-09,76.0,Houston Croquet C409
9,2012-06-10,51.0,Conroe Relocated C78/A321
10,2012-06-11,40.0,Conroe Relocated C78/A321
11,2012-06-12,38.0,Conroe Relocated C78/A321
12,2012-06-13,50.0,Conroe Relocated C78/A321
13,2012-06-14,46.0,Conroe Relocated C78/A321
14,2012-06-15,47.0,Conroe Relocated C78/A321
15,2012-06-16,48.0,Seabrook Friendship Park C45
16,2012-06-17,68.0,Houston Westhollow C410/C3003
17,2012-06-18,54.0,Northwest Harris Co. C26/A110/X154
18,2012-06-19,33.0,Seabrook Friendship Park C45
19,2012-06-20,40.0,Houston Aldine C8/AF108/X150
20,2012-06-21,64.0,Manvel Croix Park C84
21,2012-06-22,68.0,Manvel Croix Park C84
22,2012-06-23,67.0,Manvel Croix Park C84
23,2012-06-24,71.0,Manvel Croix Park C84
24,2012-06-25,94.0,Manvel Croix Park C84
25,2012-06-26,136.0,Manvel Croix Park C84
26,2012-06-27,99.0,Northwest Harris Co. C26/A110/X154
27,2012-06-28,70.0,Conroe Relocated C78/A321
28,2012-06-29,56.0,Conroe Relocated C78/A321
29,2012-06-30,31.0,Manvel Croix Park C84
0,2012-07-01,29.0,Conroe Relocated C78/A321
1,2012-07-02,46.0,Conroe Relocated C78/A321
2,2012-07-03,36.0,Conroe Relocated C78/A321
3,2012-07-04,33.0,Conroe Relocated C78/A321
4,2012-07-05,49.0,Conroe Relocated C78/A321
5,2012-07-06,51.0,Wallisville Road C617
6,2012-07-07,46.0,Houston Aldine C8/AF108/X150
7,2012-07-08,30.0,Conroe Relocated C78/A321
8,2012-07-09,28.0,Conroe Relocated C78/A321
9,2012-07-10,34.0,Conroe Relocated C78/A321
10,2012-07-11,25.0,Galveston 99th St. C1034/A320/X183
11,2012-07-12,27.0,Wallisville Road C617
12,2012-07-13,40.0,Seabrook Friendship Park C45
13,2012-07-14,49.0,Houston Aldine C8/AF108/X150
14,2012-07-15,40.0,Houston Aldine C8/AF108/X150
15,2012-07-16,45.0,Conroe Relocated C78/A321
16,2012-07-17,43.0,Conroe Relocated C78/A321
17,2012-07-18,50.0,Conroe Relocated C78/A321
18,2012-07-19,33.0,Wallisville Road C617
19,2012-07-20,51.0,Wallisville Road C617
20,2012-07-21,48.0,Wallisville Road C617
21,2012-07-22,37.0,Wallisville Road C617
22,2012-07-23,37.0,Conroe Relocated C78/A321
23,2012-07-24,40.0,Conroe Relocated C78/A321
24,2012-07-25,32.0,Conroe Relocated C78/A321
25,2012-07-26,28.0,Conroe Relocated C78/A321
26,2012-07-27,42.0,Conroe Relocated C78/A321
27,2012-07-28,59.0,Houston East C1/G316
28,2012-07-29,51.0,Wallisville Road C617
29,2012-07-30,46.0,Wallisville Road C617
30,2012-07-31,42.0,Wallisville Road C617
0,2012-08-01,50.0,Houston Aldine C8/AF108/X150
1,2012-08-02,48.0,Conroe Relocated C78/A321
2,2012-08-03,48.0,Conroe Relocated C78/A321
3,2012-08-04,43.0,Conroe Relocated C78/A321
4,2012-08-05,35.0,Northwest Harris Co. C26/A110/X154
5,2012-08-06,81.0,Galveston 99th St. C1034/A320/X183
6,2012-08-07,89.0,HRM-3 Haden Road C603/A114
7,2012-08-08,59.0,Channelview C15/AH115
8,2012-08-09,45.0,Wallisville Road C617
9,2012-08-10,43.0,Wallisville Road C617
10,2012-08-11,48.0,Houston East C1/G316
11,2012-08-12,39.0,Conroe Relocated C78/A321
12,2012-08-13,41.0,Wallisville Road C617
13,2012-08-14,37.0,Houston Aldine C8/AF108/X150
14,2012-08-15,35.0,Conroe Relocated C78/A321
15,2012-08-16,43.0,Conroe Relocated C78/A321
16,2012-08-17,40.0,Wallisville Road C617
17,2012-08-18,27.0,Wallisville Road C617
18,2012-08-19,53.0,Hou.DeerPrk2 C35/235/1001/AFH139FP239
19,2012-08-20,89.0,Seabrook Friendship Park C45
20,2012-08-21,80.0,Manvel Croix Park C84
21,2012-08-22,68.0,Houston Bayland Park C53/A146
22,2012-08-23,46.0,Houston Westhollow C410/C3003
23,2012-08-24,37.0,Conroe Relocated C78/A321
24,2012-08-25,29.0,Conroe Relocated C78/A321
25,2012-08-26,44.0,Houston Aldine C8/AF108/X150
26,2012-08-27,74.0,Manvel Croix Park C84
27,2012-08-28,71.0,Lake Jackson C1016
28,2012-08-29,56.0,Manvel Croix Park C84
29,2012-08-30,62.0,Seabrook Friendship Park C45
30,2012-08-31,47.0,Conroe Relocated C78/A321
0,2012-09-01,27.0,Conroe Relocated C78/A321
1,2012-09-02,30.0,Houston Aldine C8/AF108/X150
2,2012-09-03,33.0,Conroe Relocated C78/A321
3,2012-09-04,38.0,Houston Aldine C8/AF108/X150
4,2012-09-05,40.0,Conroe Relocated C78/A321
5,2012-09-06,55.0,Wallisville Road C617
6,2012-09-07,59.0,Conroe Relocated C78/A321
7,2012-09-08,55.0,Manvel Croix Park C84
8,2012-09-09,63.0,Manvel Croix Park C84
9,2012-09-10,77.0,Houston Croquet C409
10,2012-09-11,80.0,Northwest Harris Co. C26/A110/X154
11,2012-09-12,48.0,Conroe Relocated C78/A321
12,2012-09-13,28.0,Conroe Relocated C78/A321
13,2012-09-14,40.0,Seabrook Friendship Park C45
14,2012-09-15,61.0,Manvel Croix Park C84
15,2012-09-16,65.0,Houston East C1/G316
16,2012-09-17,57.0,Galveston 99th St. C1034/A320/X183
17,2012-09-18,59.0,Manvel Croix Park C84
18,2012-09-19,71.0,Manvel Croix Park C84
19,2012-09-20,87.0,Manvel Croix Park C84
20,2012-09-21,81.0,Northwest Harris Co. C26/A110/X154
21,2012-09-22,78.0,Houston Westhollow C410/C3003
22,2012-09-23,79.0,Lang C408
23,2012-09-24,84.0,Conroe Relocated C78/A321
24,2012-09-25,64.0,Conroe Relocated C78/A321
25,2012-09-26,68.0,Conroe Relocated C78/A321
26,2012-09-27,68.0,Northwest Harris Co. C26/A110/X154
27,2012-09-28,32.0,Lang C408
28,2012-09-29,21.0,Galveston 99th St. C1034/A320/X183
29,2012-09-30,43.0,Manvel Croix Park C84
0,2013-06-01,33.0,Conroe Relocated C78/A321
1,2013-06-02,45.0,Galveston 99th St. C1034/A320/X183
2,2013-06-03,86.0,Manvel Croix Park C84
3,2013-06-04,81.0,Houston Aldine C8/AF108/X150
4,2013-06-05,58.0,Lang C408
5,2013-06-06,43.0,Lang C408
6,2013-06-07,69.0,Manvel Croix Park C84
7,2013-06-08,69.0,Conroe Relocated C78/A321
8,2013-06-09,30.0,Park Place C416
9,2013-06-10,64.0,Conroe Relocated C78/A321
10,2013-06-11,28.0,Conroe Relocated C78/A321
11,2013-06-12,43.0,Conroe Relocated C78/A321
12,2013-06-13,51.0,Wallisville Road C617
13,2013-06-14,64.0,Houston Aldine C8/AF108/X150
14,2013-06-15,50.0,Conroe Relocated C78/A321
15,2013-06-16,28.0,Conroe Relocated C78/A321
16,2013-06-17,37.0,Conroe Relocated C78/A321
17,2013-06-18,38.0,Wallisville Road C617
18,2013-06-19,42.0,Conroe Relocated C78/A321
19,2013-06-20,44.0,Conroe Relocated C78/A321
20,2013-06-21,51.0,Conroe Relocated C78/A321
21,2013-06-22,47.0,Conroe Relocated C78/A321
22,2013-06-23,42.0,Conroe Relocated C78/A321
23,2013-06-24,46.0,Conroe Relocated C78/A321
24,2013-06-25,41.0,Conroe Relocated C78/A321
25,2013-06-26,55.0,Conroe Relocated C78/A321
26,2013-06-27,52.0,Houston Aldine C8/AF108/X150
27,2013-06-28,62.0,Houston East C1/G316
28,2013-06-29,64.0,Manvel Croix Park C84
29,2013-06-30,67.0,Manvel Croix Park C84
0,2013-07-01,71.0,Lake Jackson C1016
1,2013-07-02,84.0,Manvel Croix Park C84
2,2013-07-03,88.0,Lang C408
3,2013-07-04,86.0,Manvel Croix Park C84
4,2013-07-05,82.0,Houston Bayland Park C53/A146
5,2013-07-06,59.0,Lang C408
6,2013-07-07,38.0,Conroe Relocated C78/A321
7,2013-07-08,45.0,Conroe Relocated C78/A321
8,2013-07-09,59.0,Conroe Relocated C78/A321
9,2013-07-10,55.0,Conroe Relocated C78/A321
10,2013-07-11,50.0,Houston Aldine C8/AF108/X150
11,2013-07-12,69.0,HRM-3 Haden Road C603/A114
12,2013-07-13,73.0,Seabrook Friendship Park C45
13,2013-07-14,48.0,Conroe Relocated C78/A321
14,2013-07-15,36.0,Wallisville Road C617
15,2013-07-16,37.0,Lang C408
16,2013-07-17,31.0,Galveston 99th St. C1034/A320/X183
17,2013-07-18,50.0,Lang C408
18,2013-07-19,39.0,Conroe Relocated C78/A321
19,2013-07-20,41.0,Houston Aldine C8/AF108/X150
20,2013-07-21,29.0,Conroe Relocated C78/A321
21,2013-07-22,31.0,Conroe Relocated C78/A321
22,2013-07-23,29.0,Conroe Relocated C78/A321
23,2013-07-24,40.0,Wallisville Road C617
24,2013-07-25,67.0,HRM-3 Haden Road C603/A114
25,2013-07-26,36.0,Conroe Relocated C78/A321
26,2013-07-27,41.0,Wallisville Road C617
27,2013-07-28,38.0,Conroe Relocated C78/A321
28,2013-07-29,42.0,Conroe Relocated C78/A321
29,2013-07-30,46.0,Conroe Relocated C78/A321
30,2013-07-31,47.0,Wallisville Road C617
0,2013-08-01,68.0,Hou.DeerPrk2 C35/235/1001/AFH139FP239
1,2013-08-02,64.0,Conroe Relocated C78/A321
2,2013-08-03,45.0,Conroe Relocated C78/A321
3,2013-08-04,38.0,Conroe Relocated C78/A321
4,2013-08-05,40.0,Conroe Relocated C78/A321
5,2013-08-06,34.0,Conroe Relocated C78/A321
6,2013-08-07,39.0,Conroe Relocated C78/A321
7,2013-08-08,53.0,Conroe Relocated C78/A321
8,2013-08-09,73.0,Conroe Relocated C78/A321
9,2013-08-10,52.0,Northwest Harris Co. C26/A110/X154
10,2013-08-11,42.0,Conroe Relocated C78/A321
11,2013-08-12,46.0,Conroe Relocated C78/A321
12,2013-08-13,41.0,Wallisville Road C617
13,2013-08-14,50.0,HRM-3 Haden Road C603/A114
14,2013-08-15,58.0,Manvel Croix Park C84
15,2013-08-16,94.0,Manvel Croix Park C84
16,2013-08-17,68.0,Manvel Croix Park C84
17,2013-08-18,64.0,Manvel Croix Park C84
18,2013-08-19,78.0,Houston Westhollow C410/C3003
19,2013-08-20,51.0,Conroe Relocated C78/A321
20,2013-08-21,51.0,Houston Croquet C409
21,2013-08-22,48.0,Lang C408
22,2013-08-23,65.0,Houston Croquet C409
23,2013-08-24,53.0,Manvel Croix Park C84
24,2013-08-25,34.0,Conroe Relocated C78/A321
25,2013-08-26,29.0,Galveston 99th St. C1034/A320/X183
26,2013-08-27,46.0,Lang C408
27,2013-08-28,83.0,Northwest Harris Co. C26/A110/X154
28,2013-08-29,78.0,Seabrook Friendship Park C45
29,2013-08-30,78.0,Wallisville Road C617
30,2013-08-31,76.0,Conroe Relocated C78/A321
0,2013-09-01,48.0,Wallisville Road C617
1,2013-09-02,39.0,Conroe Relocated C78/A321
2,2013-09-03,55.0,HRM-3 Haden Road C603/A114
3,2013-09-04,62.0,Northwest Harris Co. C26/A110/X154
4,2013-09-05,49.0,Conroe Relocated C78/A321
5,2013-09-06,43.0,Conroe Relocated C78/A321
6,2013-09-07,31.0,Houston Westhollow C410/C3003
7,2013-09-08,43.0,Northwest Harris Co. C26/A110/X154
8,2013-09-09,46.0,Conroe Relocated C78/A321
9,2013-09-10,46.0,Northwest Harris Co. C26/A110/X154
10,2013-09-11,51.0,Houston Aldine C8/AF108/X150
11,2013-09-12,58.0,Houston Croquet C409
12,2013-09-13,66.0,Houston Bayland Park C53/A146
13,2013-09-14,64.0,Houston Westhollow C410/C3003
14,2013-09-15,35.0,Conroe Relocated C78/A321
15,2013-09-16,35.0,Houston Westhollow C410/C3003
16,2013-09-17,41.0,Conroe Relocated C78/A321
17,2013-09-18,47.0,Northwest Harris Co. C26/A110/X154
18,2013-09-19,26.0,Conroe Relocated C78/A321
19,2013-09-20,19.0,Conroe Relocated C78/A321
20,2013-09-21,36.0,Conroe Relocated C78/A321
21,2013-09-22,43.0,Manvel Croix Park C84
22,2013-09-23,65.0,Houston Croquet C409
23,2013-09-24,48.0,Manvel Croix Park C84
24,2013-09-25,104.0,Seabrook Friendship Park C45
25,2013-09-26,85.0,Conroe Relocated C78/A321
26,2013-09-27,63.0,Wallisville Road C617
27,2013-09-28,55.0,Wallisville Road C617
28,2013-09-29,38.0,Galveston 99th St. C1034/A320/X183
29,2013-09-30,39.0,Conroe Relocated C78/A321
0,2014-06-01,41.0,Lang C408
1,2014-06-02,37.0,Northwest Harris Co. C26/A110/X154
2,2014-06-03,34.0,Northwest Harris Co. C26/A110/X154
3,2014-06-04,56.0,Conroe Relocated C78/A321
4,2014-06-05,37.0,Conroe Relocated C78/A321
5,2014-06-06,47.0,Conroe Relocated C78/A321
6,2014-06-07,44.0,Conroe Relocated C78/A321
7,2014-06-08,27.0,Conroe Relocated C78/A321
8,2014-06-09,26.0,Conroe Relocated C78/A321
9,2014-06-10,63.0,Wallisville Road C617
10,2014-06-11,78.0,Wallisville Road C617
11,2014-06-12,40.0,Conroe Relocated C78/A321
12,2014-06-13,53.0,Lang C408
13,2014-06-14,54.0,Conroe Relocated C78/A321
14,2014-06-15,37.0,Conroe Relocated C78/A321
15,2014-06-16,36.0,Conroe Relocated C78/A321
16,2014-06-17,40.0,Conroe Relocated C78/A321
17,2014-06-18,29.0,Conroe Relocated C78/A321
18,2014-06-19,46.0,Conroe Relocated C78/A321
19,2014-06-20,56.0,Conroe Relocated C78/A321
20,2014-06-21,41.0,Conroe Relocated C78/A321
21,2014-06-22,24.0,Conroe Relocated C78/A321
22,2014-06-23,30.0,Conroe Relocated C78/A321
23,2014-06-24,28.0,Conroe Relocated C78/A321
24,2014-06-25,25.0,Conroe Relocated C78/A321
25,2014-06-26,27.0,Galveston 99th St. C1034/A320/X183
26,2014-06-27,31.0,Conroe Relocated C78/A321
27,2014-06-28,21.0,Conroe Relocated C78/A321
28,2014-06-29,26.0,Conroe Relocated C78/A321
29,2014-06-30,39.0,Conroe Relocated C78/A321
0,2014-07-01,48.0,Conroe Relocated C78/A321
1,2014-07-02,53.0,Wallisville Road C617
2,2014-07-03,63.0,Galveston 99th St. C1034/A320/X183
3,2014-07-04,65.0,Houston Croquet C409
4,2014-07-05,57.0,Galveston 99th St. C1034/A320/X183
5,2014-07-06,59.0,Conroe Relocated C78/A321
6,2014-07-07,45.0,Conroe Relocated C78/A321
7,2014-07-08,34.0,Conroe Relocated C78/A321
8,2014-07-09,55.0,Conroe Relocated C78/A321
9,2014-07-10,42.0,Conroe Relocated C78/A321
10,2014-07-11,65.0,Conroe Relocated C78/A321
11,2014-07-12,66.0,Houston Aldine C8/AF108/X150
12,2014-07-13,67.0,Wallisville Road C617
13,2014-07-14,54.0,Wallisville Road C617
14,2014-07-15,44.0,Seabrook Friendship Park C45
15,2014-07-16,61.0,Wallisville Road C617
16,2014-07-17,27.0,Conroe Relocated C78/A321
17,2014-07-18,32.0,Houston Aldine C8/AF108/X150
18,2014-07-19,58.0,Galveston 99th St. C1034/A320/X183
19,2014-07-20,61.0,Park Place C416
20,2014-07-21,58.0,Conroe Relocated C78/A321
21,2014-07-22,58.0,Wallisville Road C617
22,2014-07-23,65.0,Houston East C1/G316
23,2014-07-24,75.0,Houston East C1/G316
24,2014-07-25,66.0,Wallisville Road C617
25,2014-07-26,34.0,Conroe Relocated C78/A321
26,2014-07-27,33.0,Conroe Relocated C78/A321
27,2014-07-28,54.0,Houston East C1/G316
28,2014-07-29,48.0,Galveston 99th St. C1034/A320/X183
29,2014-07-30,72.0,Conroe Relocated C78/A321
30,2014-07-31,36.0,Conroe Relocated C78/A321
0,2014-08-01,51.0,Wallisville Road C617
1,2014-08-02,47.0,Galveston 99th St. C1034/A320/X183
2,2014-08-03,54.0,Galveston 99th St. C1034/A320/X183
3,2014-08-04,56.0,Houston Westhollow C410/C3003
4,2014-08-05,52.0,Northwest Harris Co. C26/A110/X154
5,2014-08-06,73.0,Conroe Relocated C78/A321
6,2014-08-07,47.0,Conroe Relocated C78/A321
7,2014-08-08,49.0,Conroe Relocated C78/A321
8,2014-08-09,33.0,Conroe Relocated C78/A321
9,2014-08-10,40.0,Wallisville Road C617
10,2014-08-11,52.0,Wallisville Road C617
11,2014-08-12,76.0,Galveston 99th St. C1034/A320/X183
12,2014-08-13,82.0,Manvel Croix Park C84
13,2014-08-14,76.0,Houston Westhollow C410/C3003
14,2014-08-15,73.0,Conroe Relocated C78/A321
15,2014-08-16,35.0,Conroe Relocated C78/A321
16,2014-08-17,25.0,Wallisville Road C617
17,2014-08-18,37.0,Conroe Relocated C78/A321
18,2014-08-19,29.0,Conroe Relocated C78/A321
19,2014-08-20,34.0,Conroe Relocated C78/A321
20,2014-08-21,37.0,Conroe Relocated C78/A321
21,2014-08-22,63.0,Conroe Relocated C78/A321
22,2014-08-23,55.0,Conroe Relocated C78/A321
23,2014-08-24,63.0,Channelview C15/AH115
24,2014-08-25,76.0,Manvel Croix Park C84
25,2014-08-26,62.0,Manvel Croix Park C84
26,2014-08-27,53.0,Houston Croquet C409
27,2014-08-28,47.0,Northwest Harris Co. C26/A110/X154
28,2014-08-29,51.0,Galveston 99th St. C1034/A320/X183
29,2014-08-30,53.0,Conroe Relocated C78/A321
30,2014-08-31,32.0,Conroe Relocated C78/A321
0,2014-09-01,42.0,Conroe Relocated C78/A321
1,2014-09-02,41.0,Conroe Relocated C78/A321
2,2014-09-03,39.0,Northwest Harris Co. C26/A110/X154
3,2014-09-04,44.0,Conroe Relocated C78/A321
4,2014-09-05,43.0,Northwest Harris Co. C26/A110/X154
5,2014-09-06,44.0,Channelview C15/AH115
6,2014-09-07,39.0,Galveston 99th St. C1034/A320/X183
7,2014-09-08,74.0,Houston Bayland Park C53/A146
8,2014-09-09,67.0,Conroe Relocated C78/A321
9,2014-09-10,36.0,Conroe Relocated C78/A321
10,2014-09-11,51.0,Conroe Relocated C78/A321
11,2014-09-12,32.0,Galveston 99th St. C1034/A320/X183
12,2014-09-13,22.0,Lake Jackson C1016
13,2014-09-14,34.0,Lake Jackson C1016
14,2014-09-15,52.0,Houston Croquet C409
15,2014-09-16,35.0,Northwest Harris Co. C26/A110/X154
16,2014-09-17,26.0,Conroe Relocated C78/A321
17,2014-09-18,22.0,Galveston 99th St. C1034/A320/X183
18,2014-09-19,40.0,Galveston 99th St. C1034/A320/X183
19,2014-09-20,50.0,Houston Westhollow C410/C3003
20,2014-09-21,59.0,Houston Bayland Park C53/A146
21,2014-09-22,58.0,Lake Jackson C1016
22,2014-09-23,58.0,Manvel Croix Park C84
23,2014-09-24,62.0,Houston Bayland Park C53/A146
24,2014-09-25,47.0,Galveston 99th St. C1034/A320/X183
25,2014-09-26,60.0,Houston Westhollow C410/C3003
26,2014-09-27,47.0,Houston Bayland Park C53/A146
27,2014-09-28,42.0,Houston Westhollow C410/C3003
28,2014-09-29,45.0,Lake Jackson C1016
29,2014-09-30,59.0,Northwest Harris Co. C26/A110/X154
0,2015-06-01,85.0,Manvel Croix Park C84
1,2015-06-02,92.0,Seabrook Friendship Park C45
2,2015-06-03,108.0,Houston Aldine C8/AF108/X150
3,2015-06-04,91.0,Northwest Harris Co. C26/A110/X154
4,2015-06-05,72.0,Houston Westhollow C410/C3003
5,2015-06-06,92.0,Galveston 99th St. C1034/A320/X183
6,2015-06-07,86.0,Houston Aldine C8/AF108/X150
7,2015-06-08,68.0,Houston Aldine C8/AF108/X150
8,2015-06-09,67.0,Houston Aldine C8/AF108/X150
9,2015-06-10,70.0,Conroe Relocated C78/A321
10,2015-06-11,51.0,Conroe Relocated C78/A321
11,2015-06-12,40.0,Houston Aldine C8/AF108/X150
12,2015-06-13,34.0,Conroe Relocated C78/A321
13,2015-06-14,28.0,Houston Aldine C8/AF108/X150
14,2015-06-15,27.0,Houston Westhollow C410/C3003
15,2015-06-16,25.0,Galveston 99th St. C1034/A320/X183
16,2015-06-17,24.0,Conroe Relocated C78/A321
17,2015-06-18,20.0,Galveston 99th St. C1034/A320/X183
18,2015-06-19,33.0,Houston Aldine C8/AF108/X150
19,2015-06-20,26.0,Houston Aldine C8/AF108/X150
20,2015-06-21,36.0,Conroe Relocated C78/A321
21,2015-06-22,52.0,Conroe Relocated C78/A321
22,2015-06-23,55.0,Northwest Harris Co. C26/A110/X154
23,2015-06-24,73.0,Houston Aldine C8/AF108/X150
24,2015-06-25,55.0,Houston Aldine C8/AF108/X150
25,2015-06-26,32.0,Houston Aldine C8/AF108/X150
26,2015-06-27,34.0,Houston Aldine C8/AF108/X150
27,2015-06-28,37.0,Conroe Relocated C78/A321
28,2015-06-29,26.0,Conroe Relocated C78/A321
29,2015-06-30,32.0,Galveston 99th St. C1034/A320/X183
0,2015-07-01,29.0,Conroe Relocated C78/A321
1,2015-07-02,41.0,Conroe Relocated C78/A321
2,2015-07-03,34.0,Conroe Relocated C78/A321
3,2015-07-04,26.0,Conroe Relocated C78/A321
4,2015-07-05,29.0,Conroe Relocated C78/A321
5,2015-07-06,37.0,Conroe Relocated C78/A321
6,2015-07-07,33.0,Conroe Relocated C78/A321
7,2015-07-08,38.0,Conroe Relocated C78/A321
8,2015-07-09,47.0,Conroe Relocated C78/A321
9,2015-07-10,61.0,Conroe Relocated C78/A321
10,2015-07-11,47.0,Conroe Relocated C78/A321
11,2015-07-12,36.0,Houston Aldine C8/AF108/X150
12,2015-07-13,42.0,Houston Aldine C8/AF108/X150
13,2015-07-14,48.0,Conroe Relocated C78/A321
14,2015-07-15,63.0,Conroe Relocated C78/A321
15,2015-07-16,56.0,Conroe Relocated C78/A321
16,2015-07-17,42.0,Conroe Relocated C78/A321
17,2015-07-18,42.0,Conroe Relocated C78/A321
18,2015-07-19,43.0,Houston Aldine C8/AF108/X150
19,2015-07-20,48.0,Conroe Relocated C78/A321
20,2015-07-21,39.0,Houston Aldine C8/AF108/X150
21,2015-07-22,39.0,Conroe Relocated C78/A321
22,2015-07-23,40.0,Conroe Relocated C78/A321
23,2015-07-24,54.0,Conroe Relocated C78/A321
24,2015-07-25,48.0,Houston Aldine C8/AF108/X150
25,2015-07-26,44.0,Houston Aldine C8/AF108/X150
26,2015-07-27,59.0,Conroe Relocated C78/A321
27,2015-07-28,65.0,Conroe Relocated C78/A321
28,2015-07-29,69.0,Hou.DeerPrk2 C35/235/1001/AFH139FP239
29,2015-07-30,71.0,Manvel Croix Park C84
30,2015-07-31,76.0,Galveston 99th St. C1034/A320/X183
0,2015-08-01,71.0,Manvel Croix Park C84
1,2015-08-02,87.0,Manvel Croix Park C84
2,2015-08-03,101.0,Houston East C1/G316
3,2015-08-04,42.0,Conroe Relocated C78/A321
4,2015-08-05,42.0,Conroe Relocated C78/A321
5,2015-08-06,42.0,Houston Aldine C8/AF108/X150
6,2015-08-07,53.0,Conroe Relocated C78/A321
7,2015-08-08,45.0,Houston Aldine C8/AF108/X150
8,2015-08-09,58.0,Houston Aldine C8/AF108/X150
9,2015-08-10,85.0,Park Place C416
10,2015-08-11,75.0,Galveston 99th St. C1034/A320/X183
11,2015-08-12,102.0,Houston Aldine C8/AF108/X150
12,2015-08-13,95.0,Houston Aldine C8/AF108/X150
13,2015-08-14,73.0,Houston Westhollow C410/C3003
14,2015-08-15,65.0,Houston Westhollow C410/C3003
15,2015-08-16,71.0,HRM-3 Haden Road C603/A114
16,2015-08-17,86.0,Houston Aldine C8/AF108/X150
17,2015-08-18,42.0,Conroe Relocated C78/A321
18,2015-08-19,33.0,Conroe Relocated C78/A321
19,2015-08-20,40.0,Galveston 99th St. C1034/A320/X183
20,2015-08-21,52.0,HRM-3 Haden Road C603/A114
21,2015-08-22,32.0,Conroe Relocated C78/A321
22,2015-08-23,42.0,Houston Aldine C8/AF108/X150
23,2015-08-24,77.0,Park Place C416
24,2015-08-25,56.0,Galveston 99th St. C1034/A320/X183
25,2015-08-26,76.0,Houston Croquet C409
26,2015-08-27,86.0,Manvel Croix Park C84
27,2015-08-28,99.0,Park Place C416
28,2015-08-29,105.0,Houston Aldine C8/AF108/X150
29,2015-08-30,80.0,Houston Aldine C8/AF108/X150
30,2015-08-31,46.0,Conroe Relocated C78/A321
0,2015-09-01,44.0,Galveston 99th St. C1034/A320/X183
1,2015-09-02,50.0,Lang C408
2,2015-09-03,47.0,Lang C408
3,2015-09-04,46.0,Conroe Relocated C78/A321
4,2015-09-05,27.0,Conroe Relocated C78/A321
5,2015-09-06,45.0,Wallisville Road C617
6,2015-09-07,48.0,Houston Aldine C8/AF108/X150
7,2015-09-08,67.0,Houston Aldine C8/AF108/X150
8,2015-09-09,37.0,Galveston 99th St. C1034/A320/X183
9,2015-09-10,32.0,Conroe Relocated C78/A321
10,2015-09-11,29.0,Conroe Relocated C78/A321
11,2015-09-12,53.0,Manvel Croix Park C84
12,2015-09-13,59.0,Northwest Harris Co. C26/A110/X154
13,2015-09-14,64.0,Northwest Harris Co. C26/A110/X154
14,2015-09-15,39.0,Houston Aldine C8/AF108/X150
15,2015-09-16,48.0,Northwest Harris Co. C26/A110/X154
16,2015-09-17,59.0,Northwest Harris Co. C26/A110/X154
17,2015-09-18,67.0,Conroe Relocated C78/A321
18,2015-09-19,68.0,Houston Westhollow C410/C3003
19,2015-09-20,71.0,HRM-3 Haden Road C603/A114
20,2015-09-21,90.0,Houston Bayland Park C53/A146
21,2015-09-22,71.0,Houston Croquet C409
22,2015-09-23,76.0,Manvel Croix Park C84
23,2015-09-24,66.0,Houston Westhollow C410/C3003
24,2015-09-25,74.0,Galveston 99th St. C1034/A320/X183
25,2015-09-26,82.0,Galveston 99th St. C1034/A320/X183
26,2015-09-27,47.0,Galveston 99th St. C1034/A320/X183
27,2015-09-28,34.0,Lake Jackson C1016
28,2015-09-29,36.0,Houston Westhollow C410/C3003
29,2015-09-30,49.0,Manvel Croix Park C84
0,2016-06-01,30.0,Galveston 99th St. C1034/A320/X183
1,2016-06-02,43.0,Conroe Relocated C78/A321
2,2016-06-03,59.0,Galveston 99th St. C1034/A320/X183
3,2016-06-04,50.0,Galveston 99th St. C1034/A320/X183
4,2016-06-05,63.0,Galveston 99th St. C1034/A320/X183
5,2016-06-06,69.0,Manvel Croix Park C84
6,2016-06-07,67.0,Houston Croquet C409
7,2016-06-08,78.0,Houston Westhollow C410/C3003
8,2016-06-09,66.0,Galveston 99th St. C1034/A320/X183
9,2016-06-10,55.0,Houston Aldine C8/AF108/X150
10,2016-06-11,41.0,Conroe Relocated C78/A321
11,2016-06-12,30.0,Conroe Relocated C78/A321
12,2016-06-13,32.0,Conroe Relocated C78/A321
13,2016-06-14,43.0,Conroe Relocated C78/A321
14,2016-06-15,32.0,Houston Aldine C8/AF108/X150
15,2016-06-16,54.0,Conroe Relocated C78/A321
16,2016-06-17,58.0,Houston Aldine C8/AF108/X150
17,2016-06-18,45.0,Wallisville Road C617
18,2016-06-19,54.0,Houston Westhollow C410/C3003
19,2016-06-20,43.0,Galveston 99th St. C1034/A320/X183
20,2016-06-21,52.0,Houston Aldine C8/AF108/X150
21,2016-06-22,58.0,Conroe Relocated C78/A321
22,2016-06-23,64.0,Conroe Relocated C78/A321
23,2016-06-24,52.0,Conroe Relocated C78/A321
24,2016-06-25,41.0,Conroe Relocated C78/A321
25,2016-06-26,43.0,Houston Aldine C8/AF108/X150
26,2016-06-27,67.0,Houston East C1/G316
27,2016-06-28,53.0,Galveston 99th St. C1034/A320/X183
28,2016-06-29,61.0,Manvel Croix Park C84
29,2016-06-30,69.0,Manvel Croix Park C84
0,2016-07-01,67.0,Northwest Harris Co. C26/A110/X154
1,2016-07-02,35.0,Conroe Relocated C78/A321
2,2016-07-03,26.0,Conroe Relocated C78/A321
3,2016-07-04,33.0,Conroe Relocated C78/A321
4,2016-07-05,43.0,Conroe Relocated C78/A321
5,2016-07-06,36.0,Conroe Relocated C78/A321
6,2016-07-07,43.0,Conroe Relocated C78/A321
7,2016-07-08,43.0,Conroe Relocated C78/A321
8,2016-07-09,37.0,Conroe Relocated C78/A321
9,2016-07-10,24.0,Conroe Relocated C78/A321
10,2016-07-11,34.0,Conroe Relocated C78/A321
11,2016-07-12,42.0,Conroe Relocated C78/A321
12,2016-07-13,40.0,Conroe Relocated C78/A321
13,2016-07-14,44.0,Conroe Relocated C78/A321
14,2016-07-15,40.0,Houston Aldine C8/AF108/X150
15,2016-07-16,59.0,Houston Aldine C8/AF108/X150
16,2016-07-17,44.0,Houston Aldine C8/AF108/X150
17,2016-07-18,47.0,Houston Aldine C8/AF108/X150
18,2016-07-19,40.0,Houston Westhollow C410/C3003
19,2016-07-20,54.0,Houston Aldine C8/AF108/X150
20,2016-07-21,79.0,Northwest Harris Co. C26/A110/X154
21,2016-07-22,83.0,Houston Aldine C8/AF108/X150
22,2016-07-23,54.0,Conroe Relocated C78/A321
23,2016-07-24,44.0,Houston Aldine C8/AF108/X150
24,2016-07-25,37.0,Lang C408
25,2016-07-26,50.0,Conroe Relocated C78/A321
26,2016-07-27,31.0,Houston Westhollow C410/C3003
27,2016-07-28,44.0,Seabrook Friendship Park C45
28,2016-07-29,52.0,Houston Aldine C8/AF108/X150
29,2016-07-30,40.0,Wallisville Road C617
30,2016-07-31,31.0,Conroe Relocated C78/A321
0,2016-08-01,55.0,Conroe Relocated C78/A321
1,2016-08-02,58.0,Houston Aldine C8/AF108/X150
2,2016-08-03,89.0,Houston Aldine C8/AF108/X150
3,2016-08-04,71.0,Conroe Relocated C78/A321
4,2016-08-05,60.0,Conroe Relocated C78/A321
5,2016-08-06,43.0,Wallisville Road C617
6,2016-08-07,47.0,Wallisville Road C617
7,2016-08-08,61.0,Houston Aldine C8/AF108/X150
8,2016-08-09,64.0,Houston Aldine C8/AF108/X150
9,2016-08-10,47.0,Conroe Relocated C78/A321
10,2016-08-11,40.0,Wallisville Road C617
11,2016-08-12,39.0,Conroe Relocated C78/A321
12,2016-08-13,49.0,Conroe Relocated C78/A321
13,2016-08-14,32.0,Houston Aldine C8/AF108/X150
14,2016-08-15,34.0,Galveston 99th St. C1034/A320/X183
15,2016-08-16,30.0,Galveston 99th St. C1034/A320/X183
16,2016-08-17,30.0,Galveston 99th St. C1034/A320/X183
17,2016-08-18,26.0,Conroe Relocated C78/A321
18,2016-08-19,32.0,Conroe Relocated C78/A321
19,2016-08-20,29.0,Conroe Relocated C78/A321
20,2016-08-21,33.0,Houston Bayland Park C53/A146
21,2016-08-22,25.0,Conroe Relocated C78/A321
22,2016-08-23,41.0,Conroe Relocated C78/A321
23,2016-08-24,43.0,Conroe Relocated C78/A321
24,2016-08-25,47.0,Galveston 99th St. C1034/A320/X183
25,2016-08-26,60.0,Manvel Croix Park C84
26,2016-08-27,56.0,Lake Jackson C1016
27,2016-08-28,44.0,Manvel Croix Park C84
28,2016-08-29,41.0,Galveston 99th St. C1034/A320/X183
29,2016-08-30,52.0,Galveston 99th St. C1034/A320/X183
30,2016-08-31,52.0,Galveston 99th St. C1034/A320/X183
0,2016-09-01,65.0,Lake Jackson C1016
1,2016-09-02,66.0,Manvel Croix Park C84
2,2016-09-03,68.0,Manvel Croix Park C84
3,2016-09-04,50.0,Lang C408
4,2016-09-05,31.0,Conroe Relocated C78/A321
5,2016-09-06,50.0,Conroe Relocated C78/A321
6,2016-09-07,44.0,Conroe Relocated C78/A321
7,2016-09-08,49.0,Conroe Relocated C78/A321
8,2016-09-09,35.0,Conroe Relocated C78/A321
9,2016-09-10,35.0,Galveston 99th St. C1034/A320/X183
10,2016-09-11,58.0,Manvel Croix Park C84
11,2016-09-12,64.0,Houston Bayland Park C53/A146
12,2016-09-13,41.0,Houston Westhollow C410/C3003
13,2016-09-14,52.0,Manvel Croix Park C84
14,2016-09-15,54.0,Houston Westhollow C410/C3003
15,2016-09-16,40.0,Houston Westhollow C410/C3003
16,2016-09-17,64.0,Seabrook Friendship Park C45
17,2016-09-18,43.0,Wallisville Road C617
18,2016-09-19,84.0,HRM-3 Haden Road C603/A114
19,2016-09-20,51.0,Seabrook Friendship Park C45
20,2016-09-21,74.0,Houston Croquet C409
21,2016-09-22,54.0,Northwest Harris Co. C26/A110/X154
22,2016-09-23,30.0,Conroe Relocated C78/A321
23,2016-09-24,26.0,Conroe Relocated C78/A321
24,2016-09-25,26.0,Wallisville Road C617
25,2016-09-26,44.0,Manvel Croix Park C84
26,2016-09-27,52.0,Manvel Croix Park C84
27,2016-09-28,75.0,Manvel Croix Park C84
28,2016-09-29,73.0,Lake Jackson C1016
29,2016-09-30,66.0,Manvel Croix Park C84
0,2017-06-01,36.0,Northwest Harris Co. C26/A110/X154
1,2017-06-02,35.0,Northwest Harris Co. C26/A110/X154
2,2017-06-03,45.0,Lang C408
3,2017-06-04,42.0,Houston Aldine C8/AF108/X150
4,2017-06-05,56.0,Galveston 99th St. C1034/A320/X183
5,2017-06-06,56.0,Galveston 99th St. C1034/A320/X183
6,2017-06-07,65.0,Manvel Croix Park C84
7,2017-06-08,87.0,Manvel Croix Park C84
8,2017-06-09,76.0,Northwest Harris Co. C26/A110/X154
9,2017-06-10,65.0,Conroe Relocated C78/A321
10,2017-06-11,50.0,Northwest Harris Co. C26/A110/X154
11,2017-06-12,45.0,Northwest Harris Co. C26/A110/X154
12,2017-06-13,32.0,Conroe Relocated C78/A321
13,2017-06-14,41.0,Conroe Relocated C78/A321
14,2017-06-15,34.0,Houston Aldine C8/AF108/X150
15,2017-06-16,33.0,Houston Aldine C8/AF108/X150
16,2017-06-17,36.0,Conroe Relocated C78/A321
17,2017-06-18,34.0,Conroe Relocated C78/A321
18,2017-06-19,61.0,Houston Bayland Park C53/A146
19,2017-06-20,42.0,Manvel Croix Park C84
20,2017-06-21,27.0,Northwest Harris Co. C26/A110/X154
21,2017-06-22,37.0,Galveston 99th St. C1034/A320/X183
22,2017-06-23,50.0,Conroe Relocated C78/A321
23,2017-06-24,37.0,Galveston 99th St. C1034/A320/X183
24,2017-06-25,34.0,Manvel Croix Park C84
25,2017-06-26,47.0,Houston Bayland Park C53/A146
26,2017-06-27,40.0,Northwest Harris Co. C26/A110/X154
27,2017-06-28,37.0,Houston Westhollow C410/C3003
28,2017-06-29,35.0,Conroe Relocated C78/A321
29,2017-06-30,36.0,Conroe Relocated C78/A321
0,2017-07-01,36.0,Conroe Relocated C78/A321
1,2017-07-02,40.0,Conroe Relocated C78/A321
2,2017-07-03,39.0,Conroe Relocated C78/A321
3,2017-07-04,37.0,Conroe Relocated C78/A321
4,2017-07-05,39.0,Conroe Relocated C78/A321
5,2017-07-06,54.0,Northwest Harris Co. C26/A110/X154
6,2017-07-07,50.0,Houston Aldine C8/AF108/X150
7,2017-07-08,44.0,Houston Aldine C8/AF108/X150
8,2017-07-09,41.0,Galveston 99th St. C1034/A320/X183
9,2017-07-10,42.0,Seabrook Friendship Park C45
10,2017-07-11,36.0,Conroe Relocated C78/A321
11,2017-07-12,26.0,Northwest Harris Co. C26/A110/X154
12,2017-07-13,40.0,Houston Aldine C8/AF108/X150
13,2017-07-14,59.0,Seabrook Friendship Park C45
14,2017-07-15,41.0,Galveston 99th St. C1034/A320/X183
15,2017-07-16,60.0,Houston Bayland Park C53/A146
16,2017-07-17,55.0,Northwest Harris Co. C26/A110/X154
17,2017-07-18,51.0,Houston Aldine C8/AF108/X150
18,2017-07-19,50.0,Conroe Relocated C78/A321
19,2017-07-20,57.0,Seabrook Friendship Park C45
20,2017-07-21,48.0,Conroe Relocated C78/A321
21,2017-07-22,35.0,Conroe Relocated C78/A321
22,2017-07-23,31.0,Conroe Relocated C78/A321
23,2017-07-24,35.0,Houston Aldine C8/AF108/X150
24,2017-07-25,47.0,Conroe Relocated C78/A321
25,2017-07-26,50.0,Conroe Relocated C78/A321
26,2017-07-27,57.0,Conroe Relocated C78/A321
27,2017-07-28,47.0,Houston Aldine C8/AF108/X150
28,2017-07-29,49.0,Houston Aldine C8/AF108/X150
29,2017-07-30,52.0,Manvel Croix Park C84
30,2017-07-31,65.0,Manvel Croix Park C84
0,2017-08-01,62.0,Houston Bayland Park C53/A146
1,2017-08-02,41.0,Galveston 99th St. C1034/A320/X183
2,2017-08-03,60.0,Houston Bayland Park C53/A146
3,2017-08-04,78.0,Seabrook Friendship Park C45
4,2017-08-05,44.0,Conroe Relocated C78/A321
5,2017-08-06,23.0,Conroe Relocated C78/A321
6,2017-08-07,32.0,Northwest Harris Co. C26/A110/X154
7,2017-08-08,42.0,Channelview C15/AH115
8,2017-08-09,59.0,Wallisville Road C617
9,2017-08-10,41.0,Houston Aldine C8/AF108/X150
10,2017-08-11,38.0,Houston Aldine C8/AF108/X150
11,2017-08-12,40.0,Houston Aldine C8/AF108/X150
12,2017-08-13,30.0,Conroe Relocated C78/A321
13,2017-08-14,39.0,Conroe Relocated C78/A321
14,2017-08-15,31.0,Conroe Relocated C78/A321
15,2017-08-16,36.0,Conroe Relocated C78/A321
16,2017-08-17,37.0,Conroe Relocated C78/A321
17,2017-08-18,45.0,Houston Aldine C8/AF108/X150
18,2017-08-19,50.0,HRM-3 Haden Road C603/A114
19,2017-08-20,46.0,Houston Aldine C8/AF108/X150
20,2017-08-21,63.0,Northwest Harris Co. C26/A110/X154
21,2017-08-22,65.0,Clinton C403/C304/AH113
22,2017-08-23,50.0,Houston Croquet C409
23,2017-08-24,46.0,Northwest Harris Co. C26/A110/X154
24,2017-08-25,23.0,Conroe Relocated C78/A321
25,2017-08-26,28.0,Northwest Harris Co. C26/A110/X154
26,2017-08-27,30.0,Conroe Relocated C78/A321
27,2017-08-28,34.0,Northwest Harris Co. C26/A110/X154
28,2017-08-29,35.0,Northwest Harris Co. C26/A110/X154
29,2017-08-30,42.0,Northwest Harris Co. C26/A110/X154
30,2017-08-31,57.0,Wallisville Road C617
0,2017-09-01,96.0,Houston Bayland Park C53/A146
1,2017-09-02,77.0,Clinton C403/C304/AH113
2,2017-09-03,78.0,Clinton C403/C304/AH113
3,2017-09-04,74.0,Northwest Harris Co. C26/A110/X154
4,2017-09-05,67.0,Park Place C416
5,2017-09-06,43.0,Manvel Croix Park C84
6,2017-09-07,63.0,Manvel Croix Park C84
7,2017-09-08,69.0,Manvel Croix Park C84
8,2017-09-09,65.0,Manvel Croix Park C84
9,2017-09-10,60.0,Manvel Croix Park C84
10,2017-09-11,60.0,Manvel Croix Park C84
11,2017-09-12,89.0,Seabrook Friendship Park C45
12,2017-09-13,71.0,Houston Aldine C8/AF108/X150
13,2017-09-14,82.0,Conroe Relocated C78/A321
14,2017-09-15,65.0,Conroe Relocated C78/A321
15,2017-09-16,66.0,Houston Aldine C8/AF108/X150
16,2017-09-17,58.0,Houston Aldine C8/AF108/X150
17,2017-09-18,30.0,Conroe Relocated C78/A321
18,2017-09-19,42.0,Conroe Relocated C78/A321
19,2017-09-20,38.0,Conroe Relocated C78/A321
20,2017-09-21,33.0,Seabrook Friendship Park C45
21,2017-09-22,66.0,Northwest Harris Co. C26/A110/X154
22,2017-09-23,65.0,Northwest Harris Co. C26/A110/X154
23,2017-09-24,57.0,Northwest Harris Co. C26/A110/X154
24,2017-09-25,53.0,Northwest Harris Co. C26/A110/X154
25,2017-09-26,54.0,Northwest Harris Co. C26/A110/X154
26,2017-09-27,63.0,Houston Westhollow C410/C3003
27,2017-09-28,54.0,Manvel Croix Park C84
28,2017-09-29,69.0,Manvel Croix Park C84
29,2017-09-30,78.0,Manvel Croix Park C84
0,2018-06-01,64.0,Conroe Relocated C78/A321
1,2018-06-02,51.0,Conroe Relocated C78/A321
2,2018-06-03,54.0,Houston Aldine C8/AF108/X150
3,2018-06-04,63.0,Wallisville Road C617
4,2018-06-05,48.0,Houston Aldine C8/AF108/X150
5,2018-06-06,63.0,Conroe Relocated C78/A321
6,2018-06-07,67.0,Conroe Relocated C78/A321
7,2018-06-08,73.0,Conroe Relocated C78/A321
8,2018-06-09,43.0,Conroe Relocated C78/A321
9,2018-06-10,28.0,Conroe Relocated C78/A321
10,2018-06-11,36.0,Conroe Relocated C78/A321
11,2018-06-12,49.0,Conroe Relocated C78/A321
12,2018-06-13,59.0,Conroe Relocated C78/A321
13,2018-06-14,47.0,Conroe Relocated C78/A321
14,2018-06-15,46.0,Conroe Relocated C78/A321
15,2018-06-16,38.0,Northwest Harris Co. C26/A110/X154
16,2018-06-17,27.0,Houston Westhollow C410/C3003
17,2018-06-18,29.0,Northwest Harris Co. C26/A110/X154
18,2018-06-19,25.0,Galveston 99th St. C1034/A320/X183
19,2018-06-20,23.0,Galveston 99th St. C1034/A320/X183
20,2018-06-21,51.0,Conroe Relocated C78/A321
21,2018-06-22,40.0,Houston Aldine C8/AF108/X150
22,2018-06-23,37.0,Conroe Relocated C78/A321
23,2018-06-24,31.0,Conroe Relocated C78/A321
24,2018-06-25,25.0,Conroe Relocated C78/A321
25,2018-06-26,50.0,Conroe Relocated C78/A321
26,2018-06-27,49.0,Conroe Relocated C78/A321
27,2018-06-28,43.0,Conroe Relocated C78/A321
28,2018-06-29,40.0,Conroe Relocated C78/A321
29,2018-06-30,36.0,Conroe Relocated C78/A321
0,2018-07-01,39.0,Conroe Relocated C78/A321
1,2018-07-02,56.0,Conroe Relocated C78/A321
2,2018-07-03,49.0,Channelview C15/AH115
3,2018-07-04,24.0,Houston Westhollow C410/C3003
4,2018-07-05,48.0,Lang C408
5,2018-07-06,59.0,Houston Croquet C409
6,2018-07-07,53.0,Houston Westhollow C410/C3003
7,2018-07-08,43.0,Conroe Relocated C78/A321
8,2018-07-09,30.0,Hou.DeerPrk2 C35/235/1001/AFH139FP239
9,2018-07-10,64.0,Houston Aldine C8/AF108/X150
10,2018-07-11,57.0,Wallisville Road C617
11,2018-07-12,50.0,Conroe Relocated C78/A321
12,2018-07-13,50.0,Conroe Relocated C78/A321
13,2018-07-14,39.0,Conroe Relocated C78/A321
14,2018-07-15,29.0,Houston Aldine C8/AF108/X150
15,2018-07-16,46.0,Houston Aldine C8/AF108/X150
16,2018-07-17,49.0,Wallisville Road C617
17,2018-07-18,50.0,Wallisville Road C617
18,2018-07-19,45.0,Houston Aldine C8/AF108/X150
19,2018-07-20,56.0,Houston Aldine C8/AF108/X150
20,2018-07-21,48.0,Houston Aldine C8/AF108/X150
21,2018-07-22,52.0,Wallisville Road C617
22,2018-07-23,81.0,Wallisville Road C617
23,2018-07-24,73.0,Houston Croquet C409
24,2018-07-25,72.0,Park Place C416
25,2018-07-26,107.0,Galveston 99th St. C1034/A320/X183
26,2018-07-27,109.0,Houston Aldine C8/AF108/X150
27,2018-07-28,86.0,Houston Aldine C8/AF108/X150
28,2018-07-29,71.0,Wallisville Road C617
29,2018-07-30,64.0,Wallisville Road C617
30,2018-07-31,49.0,Conroe Relocated C78/A321
0,2018-08-01,77.0,Lake Jackson C1016
1,2018-08-02,78.0,Manvel Croix Park C84
2,2018-08-03,76.0,Houston Westhollow C410/C3003
3,2018-08-04,42.0,Conroe Relocated C78/A321
4,2018-08-05,58.0,Northwest Harris Co. C26/A110/X154
5,2018-08-06,45.0,Conroe Relocated C78/A321
6,2018-08-07,39.0,Conroe Relocated C78/A321
7,2018-08-08,39.0,Conroe Relocated C78/A321
8,2018-08-09,33.0,Conroe Relocated C78/A321
9,2018-08-10,43.0,Wallisville Road C617
10,2018-08-11,30.0,Conroe Relocated C78/A321
11,2018-08-12,23.0,Conroe Relocated C78/A321
12,2018-08-13,45.0,Conroe Relocated C78/A321
13,2018-08-14,46.0,Conroe Relocated C78/A321
14,2018-08-15,45.0,Conroe Relocated C78/A321
15,2018-08-16,40.0,Conroe Relocated C78/A321
16,2018-08-17,43.0,Conroe Relocated C78/A321
17,2018-08-18,38.0,Wallisville Road C617
18,2018-08-19,33.0,Conroe Relocated C78/A321
19,2018-08-20,36.0,Wallisville Road C617
20,2018-08-21,50.0,Wallisville Road C617
21,2018-08-22,73.0,Galveston 99th St. C1034/A320/X183
22,2018-08-23,99.0,Clinton C403/C304/AH113
23,2018-08-24,91.0,Houston Aldine C8/AF108/X150
24,2018-08-25,77.0,Northwest Harris Co. C26/A110/X154
25,2018-08-26,55.0,Houston Aldine C8/AF108/X150
26,2018-08-27,48.0,Conroe Relocated C78/A321
27,2018-08-28,40.0,Conroe Relocated C78/A321
28,2018-08-29,40.0,Conroe Relocated C78/A321
29,2018-08-30,55.0,Northwest Harris Co. C26/A110/X154
30,2018-08-31,65.0,Houston Westhollow C410/C3003
0,2018-09-01,55.0,Houston Westhollow C410/C3003
1,2018-09-02,29.0,Wallisville Road C617
2,2018-09-03,28.0,Galveston 99th St. C1034/A320/X183
3,2018-09-04,35.0,Northwest Harris Co. C26/A110/X154
4,2018-09-05,48.0,Northwest Harris Co. C26/A110/X154
5,2018-09-06,48.0,Conroe Relocated C78/A321
6,2018-09-07,37.0,Conroe Relocated C78/A321
7,2018-09-08,34.0,Conroe Relocated C78/A321
8,2018-09-09,38.0,Wallisville Road C617
9,2018-09-10,30.0,Wallisville Road C617
10,2018-09-11,29.0,Galveston 99th St. C1034/A320/X183
11,2018-09-12,40.0,Northwest Harris Co. C26/A110/X154
12,2018-09-13,32.0,Galveston 99th St. C1034/A320/X183
13,2018-09-14,27.0,Galveston 99th St. C1034/A320/X183
14,2018-09-15,43.0,Northwest Harris Co. C26/A110/X154
15,2018-09-16,73.0,Wallisville Road C617
16,2018-09-17,88.0,Hou.DeerPrk2 C35/235/1001/AFH139FP239
17,2018-09-18,89.0,Hou.DeerPrk2 C35/235/1001/AFH139FP239
18,2018-09-19,71.0,Houston Aldine C8/AF108/X150
19,2018-09-20,43.0,Conroe Relocated C78/A321
20,2018-09-21,24.0,Conroe Relocated C78/A321
21,2018-09-22,22.0,Wallisville Road C617
22,2018-09-23,53.0,Wallisville Road C617
23,2018-09-24,60.0,Wallisville Road C617
24,2018-09-25,42.0,Conroe Relocated C78/A321
25,2018-09-26,29.0,Wallisville Road C617
26,2018-09-27,34.0,Lake Jackson C1016
27,2018-09-28,40.0,Houston Westhollow C410/C3003
28,2018-09-29,28.0,Galveston 99th St. C1034/A320/X183
29,2018-09-30,35.0,Northwest Harris Co. C26/A110/X154
0,2019-06-01,81.0,Houston Aldine C8/AF108/X150
1,2019-06-02,53.0,Wallisville Road C617
2,2019-06-03,72.0,Houston Aldine C8/AF108/X150
3,2019-06-04,51.0,Conroe Relocated C78/A321
4,2019-06-05,25.0,Galveston 99th St. C1034/A320/X183
5,2019-06-06,65.0,Wallisville Road C617
6,2019-06-07,59.0,Houston Aldine C8/AF108/X150
7,2019-06-08,81.0,Galveston 99th St. C1034/A320/X183
8,2019-06-09,92.0,Clinton C403/C304/AH113
9,2019-06-10,63.0,Lake Jackson C1016
10,2019-06-11,83.0,Houston Croquet C409
11,2019-06-12,91.0,Houston Bayland Park C53/A146
12,2019-06-13,81.0,Galveston 99th St. C1034/A320/X183
13,2019-06-14,83.0,Conroe Relocated C78/A321
14,2019-06-15,28.0,Conroe Relocated C78/A321
15,2019-06-16,45.0,Galveston 99th St. C1034/A320/X183
16,2019-06-17,81.0,Houston Aldine C8/AF108/X150
17,2019-06-18,61.0,Houston Aldine C8/AF108/X150
18,2019-06-19,36.0,Conroe Relocated C78/A321
19,2019-06-20,27.0,Conroe Relocated C78/A321
20,2019-06-21,32.0,Conroe Relocated C78/A321
21,2019-06-22,29.0,Conroe Relocated C78/A321
22,2019-06-23,31.0,Conroe Relocated C78/A321
23,2019-06-24,55.0,Conroe Relocated C78/A321
24,2019-06-25,33.0,Conroe Relocated C78/A321
25,2019-06-26,26.0,Conroe Relocated C78/A321
26,2019-06-27,32.0,Conroe Relocated C78/A321
27,2019-06-28,55.0,Houston Aldine C8/AF108/X150
28,2019-06-29,40.0,Galveston 99th St. C1034/A320/X183
29,2019-06-30,58.0,Channelview C15/AH115
0,2019-07-01,56.0,Conroe Relocated C78/A321
1,2019-07-02,35.0,Conroe Relocated C78/A321
2,2019-07-03,43.0,Conroe Relocated C78/A321
3,2019-07-04,31.0,Conroe Relocated C78/A321
4,2019-07-05,47.0,Conroe Relocated C78/A321
5,2019-07-06,61.0,Channelview C15/AH115
6,2019-07-07,50.0,Wallisville Road C617
7,2019-07-08,39.0,Conroe Relocated C78/A321
8,2019-07-09,48.0,Conroe Relocated C78/A321
9,2019-07-10,66.0,Houston Aldine C8/AF108/X150
10,2019-07-11,66.0,Galveston 99th St. C1034/A320/X183
11,2019-07-12,60.0,Lake Jackson C1016
12,2019-07-13,45.0,Galveston 99th St. C1034/A320/X183
13,2019-07-14,41.0,Channelview C15/AH115
14,2019-07-15,30.0,Conroe Relocated C78/A321
15,2019-07-16,35.0,Conroe Relocated C78/A321
16,2019-07-17,30.0,Houston Aldine C8/AF108/X150
17,2019-07-18,43.0,Conroe Relocated C78/A321
18,2019-07-19,44.0,Conroe Relocated C78/A321
19,2019-07-20,43.0,Conroe Relocated C78/A321
20,2019-07-21,33.0,Houston Aldine C8/AF108/X150
21,2019-07-22,36.0,Houston Aldine C8/AF108/X150
22,2019-07-23,47.0,Lake Jackson C1016
23,2019-07-24,60.0,Houston Bayland Park C53/A146
24,2019-07-25,79.0,Manvel Croix Park C84
25,2019-07-26,76.0,Houston Westhollow C410/C3003
26,2019-07-27,64.0,Houston Westhollow C410/C3003
27,2019-07-28,29.0,Conroe Relocated C78/A321
28,2019-07-29,28.0,Conroe Relocated C78/A321
29,2019-07-30,36.0,Wallisville Road C617
30,2019-07-31,56.0,Lang C408
0,2019-08-01,73.0,Houston Bayland Park C53/A146
1,2019-08-02,70.0,Park Place C416
2,2019-08-03,64.0,Hou.DeerPrk2 C35/235/1001/AFH139FP239
3,2019-08-04,50.0,Houston Aldine C8/AF108/X150
4,2019-08-05,60.0,Houston Aldine C8/AF108/X150
5,2019-08-06,47.0,Conroe Relocated C78/A321
6,2019-08-07,39.0,Conroe Relocated C78/A321
7,2019-08-08,38.0,Houston Aldine C8/AF108/X150
8,2019-08-09,44.0,Conroe Relocated C78/A321
9,2019-08-10,39.0,Conroe Relocated C78/A321
10,2019-08-11,36.0,Houston Aldine C8/AF108/X150
11,2019-08-12,47.0,Conroe Relocated C78/A321
12,2019-08-13,51.0,Houston Aldine C8/AF108/X150
13,2019-08-14,59.0,Hou.DeerPrk2 C35/235/1001/AFH139FP239
14,2019-08-15,107.0,Hou.DeerPrk2 C35/235/1001/AFH139FP239
15,2019-08-16,68.0,Houston Aldine C8/AF108/X150
16,2019-08-17,34.0,Conroe Relocated C78/A321
17,2019-08-18,29.0,Conroe Relocated C78/A321
18,2019-08-19,45.0,Conroe Relocated C78/A321
19,2019-08-20,35.0,Conroe Relocated C78/A321
20,2019-08-21,40.0,Conroe Relocated C78/A321
21,2019-08-22,50.0,Northwest Harris Co. C26/A110/X154
22,2019-08-23,31.0,Houston Westhollow C410/C3003
23,2019-08-24,49.0,Houston Bayland Park C53/A146
24,2019-08-25,32.0,Wallisville Road C617
25,2019-08-26,37.0,Conroe Relocated C78/A321
26,2019-08-27,48.0,Conroe Relocated C78/A321
27,2019-08-28,49.0,Park Place C416
28,2019-08-29,70.0,Northwest Harris Co. C26/A110/X154
29,2019-08-30,54.0,Northwest Harris Co. C26/A110/X154
30,2019-08-31,76.0,Houston Bayland Park C53/A146
0,2019-09-01,64.0,Galveston 99th St. C1034/A320/X183
1,2019-09-02,45.0,Galveston 99th St. C1034/A320/X183
2,2019-09-03,50.0,Houston Bayland Park C53/A146
3,2019-09-04,68.0,Houston Bayland Park C53/A146
4,2019-09-05,93.0,Houston Aldine C8/AF108/X150
5,2019-09-06,85.0,Houston Aldine C8/AF108/X150
6,2019-09-07,68.0,Wallisville Road C617
7,2019-09-08,58.0,Conroe Relocated C78/A321
8,2019-09-09,63.0,Conroe Relocated C78/A321
9,2019-09-10,50.0,Houston Bayland Park C53/A146
10,2019-09-11,46.0,Northwest Harris Co. C26/A110/X154
11,2019-09-12,58.0,Northwest Harris Co. C26/A110/X154
12,2019-09-13,69.0,Houston Bayland Park C53/A146
13,2019-09-14,65.0,Houston Bayland Park C53/A146
14,2019-09-15,57.0,Houston Bayland Park C53/A146
15,2019-09-16,42.0,Galveston 99th St. C1034/A320/X183
16,2019-09-17,40.0,Galveston 99th St. C1034/A320/X183
17,2019-09-18,39.0,Galveston 99th St. C1034/A320/X183
18,2019-09-19,31.0,Houston Bayland Park C53/A146
19,2019-09-20,43.0,Galveston 99th St. C1034/A320/X183
20,2019-09-21,43.0,Northwest Harris Co. C26/A110/X154
21,2019-09-22,39.0,Conroe Relocated C78/A321
22,2019-09-23,42.0,Northwest Harris Co. C26/A110/X154
23,2019-09-24,65.0,Northwest Harris Co. C26/A110/X154
24,2019-09-25,62.0,Conroe Relocated C78/A321
25,2019-09-26,73.0,Northwest Harris Co. C26/A110/X154
26,2019-09-27,39.0,Conroe Relocated C78/A321
27,2019-09-28,46.0,Conroe Relocated C78/A321
28,2019-09-29,43.0,Houston Aldine C8/AF108/X150
29,2019-09-30,36.0,Conroe Relocated C78/A321
